row_index,country,gold,initial,final,cluster
0,egypt,yes,yes,yes,3
1,egypt,yes,no,yes,3
2,egypt,yes,yes,yes,3
3,egypt,yes,yes,yes,3
4,egypt,yes,yes,yes,3
5,egypt,yes,yes,yes,3
6,egypt,yes,no,yes,1
7,egypt,yes,yes,yes,0
8,egypt,yes,yes,yes,3
9,egypt,yes,yes,yes,3
10,egypt,yes,yes,yes,3
11,egypt,yes,no,yes,0
12,lebanon,yes,yes,yes,3
13,lebanon,yes,yes,yes,3
14,lebanon,yes,yes,yes,3
15,lebanon,yes,yes,yes,1
16,lebanon,yes,yes,yes,0
17,lebanon,yes,yes,yes,3
18,lebanon,yes,yes,yes,1
19,lebanon,yes,yes,yes,1
20,lebanon,yes,yes,yes,3
21,zimbabwe,yes,yes,yes,3
22,zimbabwe,yes,yes,yes,3
23,zimbabwe,yes,yes,yes,0
24,zimbabwe,yes,yes,yes,1
25,zimbabwe,yes,yes,yes,3
26,zimbabwe,yes,yes,yes,3
27,zimbabwe,yes,yes,yes,3
28,zimbabwe,yes,yes,yes,1
29,zimbabwe,yes,yes,yes,3
30,zimbabwe,yes,yes,yes,3
31,zimbabwe,yes,yes,yes,3
32,zimbabwe,yes,yes,yes,1
33,philippines,yes,no,yes,2
34,philippines,yes,yes,yes,3
35,philippines,yes,yes,yes,3
36,philippines,yes,yes,yes,3
37,philippines,yes,yes,yes,1
38,philippines,yes,yes,yes,3
39,philippines,yes,yes,yes,1
40,philippines,yes,yes,yes,3
41,philippines,yes,yes,yes,3
42,philippines,yes,no,yes,2
43,philippines,yes,yes,yes,3
44,philippines,yes,yes,yes,3
45,sudan,yes,yes,yes,3
46,sudan,yes,yes,yes,3
47,sudan,yes,yes,yes,1
48,sudan,yes,no,yes,3
49,sudan,yes,no,yes,2
50,sudan,yes,no,yes,1
51,sudan,yes,no,yes,1
52,sudan,yes,no,yes,1
53,sudan,yes,yes,yes,2
54,sudan,yes,yes,yes,3
55,sudan,yes,no,yes,2
56,sudan,yes,yes,yes,0
57,sudan,yes,yes,yes,1
58,sudan,yes,yes,yes,1
59,sudan,yes,yes,yes,1
60,spain,yes,yes,yes,0
61,spain,yes,yes,yes,3
62,spain,yes,yes,yes,0
63,spain,yes,yes,yes,3
64,spain,yes,yes,yes,2
65,spain,yes,yes,yes,0
66,spain,yes,yes,yes,3
67,spain,yes,yes,yes,0
68,spain,yes,yes,yes,0
69,spain,yes,yes,yes,3
70,spain,yes,yes,yes,0
71,spain,yes,yes,yes,3
72,tonga,yes,yes,yes,2
73,tonga,yes,no,yes,1
74,tonga,yes,no,yes,2
75,tonga,yes,yes,yes,3
76,tonga,yes,no,yes,2
77,tonga,yes,yes,yes,3
78,tonga,yes,no,yes,1
79,tonga,yes,yes,yes,3
80,tonga,yes,no,yes,2
81,tonga,yes,no,yes,0
82,tonga,yes,yes,yes,3
83,tonga,yes,yes,yes,3
84,hong_kong,yes,yes,yes,3
85,hong_kong,yes,yes,yes,1
86,hong_kong,yes,yes,yes,3
87,hong_kong,yes,yes,yes,3
88,hong_kong,yes,yes,yes,0
89,hong_kong,yes,no,yes,0
90,hong_kong,yes,yes,yes,3
91,hong_kong,yes,yes,yes,3
92,hong_kong,yes,yes,yes,3
93,hong_kong,yes,no,yes,0
94,hong_kong,yes,yes,yes,3
95,hong_kong,yes,yes,yes,0
96,colombia,yes,yes,yes,3
97,colombia,yes,yes,yes,3
98,colombia,yes,yes,yes,1
99,colombia,yes,yes,yes,3
100,colombia,yes,yes,yes,3
101,colombia,yes,no,yes,1
102,colombia,yes,yes,yes,1
103,colombia,yes,no,yes,3
104,colombia,yes,yes,yes,3
105,colombia,yes,yes,yes,1
106,colombia,yes,yes,yes,0
107,colombia,yes,yes,yes,3
108,vietnam,yes,yes,yes,1
109,vietnam,yes,yes,yes,3
110,vietnam,yes,yes,yes,3
111,vietnam,yes,yes,yes,3
112,vietnam,yes,yes,yes,3
113,vietnam,yes,no,yes,1
114,vietnam,yes,yes,yes,3
115,vietnam,yes,yes,yes,1
116,vietnam,yes,yes,yes,3
117,vietnam,yes,yes,yes,3
118,vietnam,yes,yes,yes,2
119,vietnam,yes,yes,yes,1
120,north_macedonia,yes,no,yes,2
121,north_macedonia,yes,yes,yes,3
122,north_macedonia,yes,yes,yes,3
123,north_macedonia,yes,yes,yes,3
124,north_macedonia,yes,yes,yes,3
125,north_macedonia,yes,yes,yes,0
126,north_macedonia,yes,yes,yes,1
127,north_macedonia,yes,yes,yes,3
128,north_macedonia,yes,yes,yes,1
129,north_macedonia,yes,yes,yes,3
130,north_macedonia,yes,yes,yes,3
131,italy,yes,yes,yes,3
132,italy,yes,yes,yes,1
133,italy,yes,yes,yes,3
134,italy,yes,yes,yes,3
135,italy,yes,yes,yes,1
136,italy,yes,yes,yes,3
137,italy,yes,yes,yes,1
138,italy,yes,no,yes,2
139,italy,yes,yes,yes,3
140,italy,yes,yes,yes,1
141,italy,yes,yes,yes,3
142,italy,yes,yes,yes,3
143,canada,yes,yes,yes,2
144,canada,yes,yes,yes,3
145,canada,yes,yes,yes,3
146,canada,yes,yes,yes,3
147,canada,yes,no,yes,2
148,canada,yes,no,yes,2
149,canada,yes,yes,yes,3
150,canada,yes,yes,yes,1
151,canada,yes,yes,yes,3
152,canada,yes,no,yes,2
153,canada,yes,yes,yes,3
154,canada,yes,yes,yes,3
155,iraq,yes,yes,yes,0
156,iraq,yes,yes,yes,3
157,iraq,yes,yes,yes,2
158,iraq,yes,yes,yes,0
159,iraq,yes,yes,yes,1
160,iraq,yes,yes,yes,3
161,iraq,yes,no,yes,2
162,iraq,yes,no,yes,0
163,iraq,yes,no,yes,2
164,iraq,yes,no,yes,2
165,iraq,yes,yes,yes,1
166,iraq,yes,no,yes,2
167,united_kingdom,yes,yes,yes,3
168,united_kingdom,yes,yes,yes,3
169,united_kingdom,yes,yes,yes,3
170,united_kingdom,yes,yes,yes,3
171,united_kingdom,no,no,yes,3
172,united_kingdom,yes,yes,yes,0
173,united_kingdom,yes,yes,yes,3
174,united_kingdom,yes,yes,yes,3
175,united_kingdom,yes,yes,yes,3
176,singapore,yes,yes,yes,3
177,singapore,yes,yes,yes,2
178,singapore,yes,yes,yes,0
179,singapore,yes,yes,yes,2
180,singapore,yes,yes,yes,3
181,singapore,yes,yes,yes,0
182,singapore,yes,yes,yes,2
183,singapore,yes,no,yes,2
184,singapore,yes,yes,yes,3
185,singapore,yes,yes,yes,3
186,singapore,yes,yes,yes,1
187,singapore,yes,yes,yes,3
188,timor-leste,no,no,yes,2
189,timor-leste,yes,yes,yes,0
190,timor-leste,yes,neutral,yes,3
191,timor-leste,yes,no,yes,2
192,timor-leste,yes,yes,yes,1
193,timor-leste,yes,yes,yes,3
194,timor-leste,yes,yes,yes,3
195,timor-leste,yes,yes,yes,2
196,timor-leste,yes,no,yes,2
197,timor-leste,yes,yes,yes,3
198,timor-leste,yes,yes,yes,3
199,timor-leste,yes,yes,yes,3
200,poland,yes,yes,yes,3
201,poland,yes,yes,yes,3
202,poland,yes,yes,yes,3
203,poland,yes,yes,yes,0
204,poland,yes,yes,yes,3
205,poland,yes,yes,yes,3
206,poland,yes,yes,yes,3
207,poland,yes,yes,yes,0
208,poland,yes,yes,yes,3
209,poland,yes,no,yes,0
210,poland,yes,no,yes,3
211,poland,yes,no,yes,1
212,pakistan,yes,no,yes,3
213,pakistan,yes,no,yes,1
214,pakistan,yes,yes,yes,2
215,pakistan,yes,yes,yes,3
216,pakistan,yes,yes,yes,1
217,pakistan,yes,yes,yes,1
218,pakistan,yes,yes,yes,1
219,pakistan,yes,yes,yes,1
220,pakistan,yes,yes,yes,3
221,pakistan,yes,yes,yes,3
222,pakistan,yes,yes,yes,3
223,pakistan,yes,yes,yes,3
224,mexico,yes,yes,yes,3
225,mexico,yes,yes,yes,3
226,mexico,yes,yes,yes,3
227,mexico,yes,yes,yes,3
228,mexico,yes,yes,yes,3
229,mexico,yes,no,yes,2
230,mexico,yes,yes,yes,0
231,mexico,yes,yes,yes,1
232,mexico,yes,yes,yes,0
233,mexico,yes,no,yes,1
234,mexico,yes,yes,yes,3
235,mexico,yes,yes,yes,3
236,argentina,yes,yes,yes,3
237,argentina,yes,yes,yes,3
238,argentina,yes,yes,yes,3
239,argentina,yes,yes,yes,3
240,argentina,yes,yes,yes,0
241,argentina,yes,yes,yes,3
242,argentina,yes,yes,yes,1
243,argentina,yes,yes,yes,3
244,argentina,yes,yes,yes,3
245,argentina,yes,yes,yes,3
246,argentina,yes,yes,yes,3
247,argentina,yes,yes,yes,3
248,taiwan,yes,yes,yes,1
249,taiwan,yes,yes,yes,3
250,taiwan,yes,yes,yes,1
251,taiwan,yes,yes,yes,0
252,taiwan,yes,yes,yes,0
253,taiwan,yes,yes,yes,3
254,taiwan,yes,yes,yes,3
255,taiwan,yes,yes,yes,2
256,taiwan,yes,yes,yes,3
257,taiwan,yes,yes,yes,0
258,taiwan,yes,yes,yes,3
259,taiwan,yes,yes,yes,0
260,somalia,yes,yes,yes,3
261,somalia,yes,yes,yes,3
262,somalia,yes,no,yes,2
263,somalia,yes,no,yes,2
264,somalia,yes,yes,yes,0
265,somalia,yes,yes,yes,1
266,somalia,yes,yes,yes,1
267,somalia,yes,no,yes,1
268,somalia,yes,yes,yes,3
269,somalia,yes,yes,yes,0
270,somalia,yes,no,yes,2
271,somalia,yes,yes,yes,0
272,somalia,yes,yes,yes,0
273,somalia,yes,yes,yes,3
274,somalia,yes,no,yes,3
275,serbia,yes,no,yes,2
276,serbia,yes,yes,yes,3
277,serbia,yes,yes,yes,3
278,serbia,yes,yes,yes,3
279,serbia,yes,yes,yes,2
280,serbia,yes,yes,yes,1
281,serbia,yes,yes,yes,3
282,serbia,yes,yes,yes,0
283,serbia,yes,yes,yes,0
284,serbia,yes,yes,yes,2
285,serbia,yes,yes,yes,1
286,serbia,yes,yes,yes,3
287,sweden,yes,yes,yes,0
288,sweden,yes,yes,yes,3
289,sweden,yes,no,yes,1
290,sweden,yes,yes,yes,3
291,sweden,yes,no,yes,2
292,sweden,yes,yes,yes,0
293,sweden,yes,yes,yes,0
294,sweden,yes,yes,yes,3
295,sweden,yes,no,yes,0
296,sweden,yes,yes,yes,0
297,sweden,yes,yes,yes,1
298,sweden,yes,yes,yes,3
299,south_korea,yes,yes,yes,3
300,south_korea,yes,yes,yes,1
301,south_korea,yes,yes,yes,3
302,south_korea,yes,yes,yes,0
303,south_korea,yes,yes,yes,3
304,south_korea,yes,yes,yes,3
305,south_korea,yes,yes,yes,3
306,south_korea,yes,yes,yes,3
307,south_korea,yes,no,yes,3
308,myanmar,yes,yes,yes,3
309,myanmar,yes,yes,yes,1
310,myanmar,yes,yes,yes,3
311,myanmar,yes,yes,yes,1
312,myanmar,yes,yes,yes,3
313,myanmar,yes,yes,yes,3
314,myanmar,yes,no,yes,2
315,myanmar,yes,yes,yes,3
316,myanmar,yes,yes,yes,1
317,myanmar,yes,yes,yes,3
318,myanmar,yes,yes,yes,1
319,myanmar,yes,no,yes,3
320,myanmar,yes,yes,yes,0
321,myanmar,yes,yes,yes,0
322,myanmar,yes,yes,yes,0
323,malta,yes,yes,yes,2
324,malta,yes,yes,yes,2
325,malta,yes,yes,yes,3
326,malta,yes,yes,yes,3
327,malta,yes,yes,yes,3
328,malta,yes,yes,yes,3
329,malta,yes,yes,yes,3
330,malta,yes,yes,yes,3
331,malta,yes,yes,yes,2
332,malta,yes,no,yes,2
333,malta,yes,yes,yes,3
334,malta,yes,yes,yes,3
335,china,yes,yes,yes,3
336,china,yes,yes,yes,3
337,china,yes,yes,yes,3
338,china,yes,no,yes,2
339,china,yes,yes,yes,3
340,china,yes,no,yes,2
341,china,yes,yes,yes,3
342,china,yes,yes,yes,1
343,china,yes,yes,yes,1
344,china,yes,yes,yes,3
345,china,yes,yes,yes,3
346,china,yes,yes,yes,3
347,germany,yes,yes,yes,3
348,germany,yes,yes,yes,3
349,germany,yes,yes,yes,3
350,germany,yes,yes,yes,3
351,germany,yes,yes,yes,3
352,germany,yes,yes,yes,3
353,germany,yes,yes,yes,0
354,germany,yes,yes,yes,0
355,germany,yes,yes,yes,2
356,germany,yes,yes,yes,3
357,germany,yes,yes,yes,1
358,germany,yes,yes,yes,3
359,germany,yes,no,yes,2
360,germany,yes,yes,yes,2
361,germany,yes,no,yes,2
362,ukraine,yes,yes,yes,3
363,ukraine,yes,yes,yes,3
364,ukraine,yes,no,yes,3
365,ukraine,yes,yes,yes,1
366,ukraine,yes,yes,yes,0
367,ukraine,yes,yes,yes,3
368,ukraine,yes,yes,yes,3
369,ukraine,yes,no,yes,1
370,ukraine,yes,yes,yes,0
371,ukraine,yes,yes,yes,1
372,ukraine,yes,yes,yes,3
373,ukraine,yes,yes,yes,3
374,ukraine,yes,no,yes,3
375,ukraine,yes,yes,yes,0
376,ukraine,yes,yes,yes,2
377,romania,yes,yes,yes,3
378,romania,yes,yes,yes,3
379,romania,yes,yes,yes,3
380,romania,yes,yes,yes,3
381,romania,yes,yes,yes,3
382,romania,yes,yes,yes,3
383,romania,yes,yes,yes,3
384,romania,yes,yes,yes,3
385,romania,yes,yes,yes,3
386,romania,yes,yes,yes,3
387,romania,yes,yes,yes,1
388,romania,yes,yes,yes,1
389,russia,yes,yes,yes,3
390,russia,yes,yes,yes,3
391,russia,yes,yes,yes,3
392,russia,yes,yes,yes,3
393,russia,yes,yes,yes,3
394,russia,yes,no,yes,1
395,russia,yes,yes,yes,3
396,russia,yes,yes,yes,1
397,russia,yes,yes,yes,1
398,russia,yes,no,yes,1
399,russia,yes,yes,yes,2
400,russia,yes,yes,yes,1
401,nepal,yes,no,yes,1
402,nepal,yes,yes,yes,3
403,nepal,yes,yes,yes,3
404,nepal,yes,yes,yes,3
405,nepal,yes,yes,yes,1
406,nepal,yes,yes,yes,3
407,nepal,yes,yes,yes,3
408,nepal,yes,yes,yes,1
409,nepal,yes,no,yes,1
410,nepal,yes,yes,yes,1
411,nepal,yes,yes,yes,3
412,nepal,yes,yes,yes,3
413,bangladesh,yes,yes,yes,3
414,bangladesh,yes,yes,yes,3
415,bangladesh,yes,yes,yes,3
416,bangladesh,yes,no,yes,1
417,bangladesh,yes,no,yes,2
418,bangladesh,yes,no,yes,2
419,bangladesh,yes,yes,yes,3
420,bangladesh,yes,yes,yes,1
421,bangladesh,yes,yes,yes,3
422,bangladesh,yes,no,yes,1
423,bangladesh,yes,no,yes,1
424,bangladesh,yes,yes,yes,1
425,portugal,yes,yes,yes,3
426,portugal,yes,yes,yes,3
427,portugal,yes,no,yes,1
428,portugal,yes,yes,yes,3
429,portugal,yes,no,yes,3
430,portugal,yes,no,yes,1
431,portugal,yes,yes,yes,3
432,portugal,yes,no,yes,2
433,portugal,yes,yes,yes,3
434,portugal,yes,yes,yes,3
435,portugal,yes,yes,yes,3
436,portugal,yes,yes,yes,3
437,thailand,yes,yes,yes,3
438,thailand,yes,yes,yes,3
439,thailand,yes,yes,yes,3
440,thailand,yes,yes,yes,1
441,thailand,yes,yes,yes,3
442,thailand,yes,yes,yes,3
443,thailand,yes,yes,yes,3
444,thailand,yes,yes,yes,1
445,thailand,yes,yes,yes,1
446,thailand,yes,no,yes,1
447,thailand,yes,yes,yes,3
448,thailand,yes,yes,yes,3
449,france,yes,no,yes,2
450,france,yes,yes,yes,3
451,france,yes,no,yes,2
452,france,yes,yes,yes,3
453,france,yes,yes,yes,3
454,france,yes,yes,yes,3
455,france,yes,yes,yes,0
456,france,yes,yes,yes,3
457,france,yes,yes,yes,0
458,france,yes,yes,yes,0
459,france,yes,yes,yes,0
460,france,yes,yes,yes,1
461,ireland,yes,no,yes,2
462,ireland,yes,no,yes,2
463,ireland,yes,yes,yes,2
464,ireland,yes,yes,yes,3
465,ireland,yes,yes,yes,1
466,ireland,yes,yes,yes,3
467,ireland,yes,yes,yes,3
468,ireland,yes,yes,yes,3
469,ireland,yes,yes,yes,3
470,ireland,yes,yes,yes,3
471,ireland,yes,yes,yes,3
472,ireland,yes,yes,yes,3
473,ireland,yes,yes,yes,3
474,ireland,yes,yes,yes,0
475,ireland,yes,yes,yes,1
476,croatia,yes,yes,yes,3
477,croatia,yes,yes,yes,3
478,croatia,yes,yes,yes,3
479,croatia,yes,yes,yes,3
480,croatia,yes,yes,yes,1
481,croatia,yes,yes,yes,3
482,croatia,yes,yes,yes,3
483,croatia,yes,yes,yes,3
484,croatia,yes,yes,yes,3
485,croatia,yes,yes,yes,3
486,croatia,yes,no,yes,1
487,croatia,yes,yes,yes,3
488,mauritius,yes,yes,yes,3
489,mauritius,yes,yes,yes,3
490,mauritius,yes,yes,yes,1
491,mauritius,yes,yes,yes,0
492,mauritius,yes,yes,yes,3
493,mauritius,yes,yes,yes,1
494,mauritius,yes,yes,yes,3
495,mauritius,yes,yes,yes,3
496,mauritius,yes,yes,yes,2
497,mauritius,yes,no,yes,1
498,mauritius,yes,no,yes,2
499,mauritius,yes,yes,yes,2
500,fiji,yes,yes,yes,3
501,fiji,yes,yes,yes,0
502,fiji,yes,no,yes,1
503,fiji,yes,yes,yes,1
504,fiji,yes,yes,yes,0
505,fiji,yes,yes,yes,3
506,fiji,yes,no,yes,2
507,fiji,yes,yes,yes,3
508,fiji,yes,no,yes,0
509,austria,yes,no,yes,2
510,austria,yes,yes,yes,3
511,austria,yes,yes,yes,3
512,austria,yes,yes,yes,3
513,austria,yes,yes,yes,3
514,austria,yes,yes,yes,3
515,austria,yes,yes,yes,3
516,austria,yes,yes,yes,3
517,austria,yes,yes,yes,3
518,austria,yes,no,yes,2
519,austria,yes,yes,yes,0
520,austria,yes,no,yes,2
521,brazil,yes,yes,yes,2
522,brazil,yes,yes,yes,3
523,brazil,yes,yes,yes,2
524,brazil,yes,yes,yes,3
525,brazil,yes,yes,yes,1
526,brazil,yes,neutral,yes,1
527,brazil,yes,yes,yes,3
528,brazil,yes,no,yes,1
529,brazil,yes,yes,yes,3
530,brazil,yes,yes,yes,1
531,brazil,yes,yes,yes,2
532,brazil,yes,no,yes,2
533,south_africa,yes,yes,yes,3
534,south_africa,yes,yes,yes,3
535,south_africa,yes,yes,yes,3
536,south_africa,yes,yes,yes,0
537,south_africa,yes,yes,yes,1
538,south_africa,yes,yes,yes,3
539,south_africa,yes,yes,yes,3
540,south_africa,yes,yes,yes,3
541,south_africa,yes,yes,yes,3
542,south_africa,yes,yes,yes,3
543,south_africa,yes,yes,yes,3
544,south_africa,yes,yes,yes,2
545,chile,yes,no,yes,2
546,chile,no,no,yes,1
547,chile,yes,no,yes,2
548,chile,yes,yes,yes,2
549,chile,yes,no,yes,2
550,chile,yes,yes,yes,2
551,chile,yes,yes,yes,3
552,chile,yes,yes,yes,1
553,chile,yes,no,yes,2
554,chile,yes,yes,yes,2
555,chile,yes,no,yes,2
556,chile,yes,yes,yes,1
557,papua_new_guinea,yes,no,yes,2
558,papua_new_guinea,yes,yes,yes,2
559,papua_new_guinea,yes,no,yes,2
560,papua_new_guinea,yes,yes,yes,3
561,papua_new_guinea,yes,yes,yes,3
562,papua_new_guinea,yes,yes,yes,1
563,papua_new_guinea,yes,yes,yes,0
564,papua_new_guinea,yes,yes,yes,3
565,papua_new_guinea,yes,yes,yes,1
566,papua_new_guinea,yes,yes,yes,3
567,papua_new_guinea,yes,yes,yes,3
568,papua_new_guinea,yes,yes,yes,3
569,afghanistan,yes,no,yes,1
570,afghanistan,yes,no,yes,2
571,afghanistan,yes,yes,yes,3
572,afghanistan,yes,yes,yes,2
573,afghanistan,yes,no,yes,1
574,afghanistan,yes,no,yes,2
575,afghanistan,yes,yes,yes,3
576,afghanistan,yes,yes,yes,3
577,afghanistan,yes,no,yes,2
578,afghanistan,yes,no,yes,2
579,afghanistan,yes,no,yes,2
580,afghanistan,yes,yes,yes,2
581,afghanistan,yes,yes,yes,0
582,afghanistan,yes,no,yes,2
583,afghanistan,yes,no,yes,0
584,japan,yes,yes,yes,1
585,japan,yes,yes,yes,3
586,japan,yes,no,yes,2
587,japan,yes,yes,yes,0
588,japan,yes,yes,yes,3
589,japan,yes,yes,yes,3
590,japan,yes,yes,yes,0
591,japan,yes,yes,yes,0
592,japan,yes,no,yes,3
593,japan,yes,yes,yes,0
594,japan,yes,yes,yes,3
595,japan,yes,yes,yes,0
596,australia,yes,no,yes,2
597,australia,yes,yes,yes,0
598,australia,yes,yes,yes,3
599,australia,yes,yes,yes,3
600,australia,yes,yes,yes,3
601,australia,yes,yes,yes,3
602,australia,yes,yes,yes,3
603,australia,yes,yes,yes,3
604,australia,yes,no,yes,2
605,netherlands,yes,yes,yes,2
606,netherlands,yes,yes,yes,3
607,netherlands,yes,no,yes,2
608,netherlands,yes,yes,yes,1
609,netherlands,yes,yes,yes,3
610,netherlands,yes,yes,yes,3
611,netherlands,yes,yes,yes,0
612,netherlands,yes,yes,yes,3
613,netherlands,yes,yes,yes,3
614,netherlands,yes,yes,yes,3
615,netherlands,yes,yes,yes,2
616,netherlands,yes,yes,yes,3
617,sri_lanka,yes,yes,yes,1
618,sri_lanka,yes,yes,yes,3
619,sri_lanka,yes,yes,yes,3
620,sri_lanka,yes,yes,yes,3
621,sri_lanka,yes,yes,yes,3
622,sri_lanka,yes,yes,yes,3
623,sri_lanka,yes,yes,yes,3
624,sri_lanka,yes,yes,yes,1
625,sri_lanka,yes,yes,yes,3
626,sri_lanka,yes,yes,yes,3
627,sri_lanka,yes,yes,yes,3
628,sri_lanka,yes,yes,yes,3
629,indonesia,yes,yes,yes,3
630,indonesia,yes,yes,yes,3
631,indonesia,yes,yes,yes,3
632,indonesia,yes,no,yes,1
633,indonesia,yes,no,yes,2
634,indonesia,yes,yes,yes,3
635,indonesia,yes,yes,yes,1
636,indonesia,yes,yes,yes,3
637,indonesia,yes,yes,yes,0
638,malaysia,yes,yes,yes,1
639,malaysia,yes,yes,yes,3
640,malaysia,yes,yes,yes,3
641,malaysia,yes,yes,yes,3
642,malaysia,yes,yes,yes,3
643,malaysia,yes,yes,yes,0
644,malaysia,yes,yes,yes,3
645,malaysia,yes,yes,yes,3
646,malaysia,yes,yes,yes,1
647,malaysia,yes,yes,yes,2
648,malaysia,yes,yes,yes,2
649,malaysia,yes,no,yes,0
650,ethiopia,yes,yes,yes,0
651,ethiopia,yes,yes,yes,3
652,ethiopia,yes,no,yes,1
653,ethiopia,yes,yes,yes,3
654,ethiopia,yes,yes,yes,3
655,ethiopia,yes,yes,yes,3
656,ethiopia,yes,yes,yes,3
657,ethiopia,yes,yes,yes,3
658,ethiopia,yes,yes,yes,3
659,ethiopia,yes,yes,yes,1
660,ethiopia,yes,yes,yes,3
661,ethiopia,yes,yes,yes,3
662,ethiopia,yes,yes,yes,2
663,ethiopia,yes,yes,yes,3
664,ethiopia,yes,yes,yes,3
665,bosnia_and_herzegovina,yes,no,yes,2
666,bosnia_and_herzegovina,yes,yes,yes,3
667,bosnia_and_herzegovina,yes,yes,yes,0
668,bosnia_and_herzegovina,yes,yes,yes,3
669,bosnia_and_herzegovina,yes,no,yes,0
670,bosnia_and_herzegovina,yes,yes,yes,0
671,bosnia_and_herzegovina,yes,yes,yes,3
672,bosnia_and_herzegovina,yes,yes,yes,2
673,bosnia_and_herzegovina,yes,no,yes,2
674,bosnia_and_herzegovina,yes,yes,yes,3
675,bosnia_and_herzegovina,yes,yes,yes,2
676,bosnia_and_herzegovina,yes,yes,yes,2
677,palestinian_territories,yes,no,yes,1
678,palestinian_territories,yes,no,yes,2
679,palestinian_territories,yes,yes,yes,1
680,palestinian_territories,yes,no,yes,1
681,palestinian_territories,yes,yes,yes,3
682,palestinian_territories,yes,yes,yes,0
683,palestinian_territories,yes,yes,yes,0
684,palestinian_territories,yes,yes,yes,1
685,palestinian_territories,yes,yes,yes,0
686,palestinian_territories,yes,yes,yes,1
687,palestinian_territories,yes,yes,yes,3
688,palestinian_territories,yes,yes,yes,2
689,palestinian_territories,yes,yes,yes,1
690,palestinian_territories,yes,yes,yes,1
691,palestinian_territories,yes,yes,yes,3
692,syria,yes,no,yes,3
693,syria,yes,no,yes,1
694,syria,yes,yes,yes,1
695,syria,yes,yes,yes,0
696,syria,yes,no,yes,0
697,syria,yes,yes,yes,0
698,kenya,yes,yes,yes,3
699,kenya,yes,yes,yes,3
700,kenya,yes,yes,yes,3
701,kenya,yes,yes,yes,3
702,kenya,yes,no,yes,2
703,kenya,yes,yes,yes,3
704,kenya,yes,yes,yes,3
705,kenya,yes,yes,yes,1
706,kenya,yes,no,yes,1
707,kenya,yes,yes,yes,1
708,kenya,yes,no,yes,1
709,kenya,yes,no,yes,2
710,new_zealand,yes,yes,yes,3
711,new_zealand,yes,yes,yes,3
712,new_zealand,yes,yes,yes,3
713,new_zealand,yes,yes,yes,3
714,new_zealand,yes,yes,yes,0
715,new_zealand,yes,yes,yes,3
716,new_zealand,yes,yes,yes,3
717,new_zealand,yes,no,yes,2
718,new_zealand,yes,yes,yes,0
719,new_zealand,yes,yes,yes,3
720,new_zealand,yes,yes,yes,2
721,new_zealand,yes,yes,yes,3
722,new_zealand,yes,no,yes,2
723,new_zealand,yes,no,yes,0
724,new_zealand,yes,yes,yes,3
725,peru,yes,yes,yes,2
726,peru,yes,no,yes,2
727,peru,yes,no,yes,2
728,peru,yes,yes,yes,3
729,peru,yes,no,yes,2
730,peru,yes,yes,yes,3
731,peru,yes,yes,yes,3
732,peru,yes,yes,yes,1
733,peru,yes,yes,yes,3
734,peru,yes,yes,yes,0
735,peru,yes,no,yes,1
736,peru,yes,yes,yes,3
737,laos,yes,yes,yes,3
738,laos,yes,yes,yes,3
739,laos,yes,yes,yes,3
740,laos,yes,yes,yes,0
741,laos,yes,yes,yes,3
742,laos,yes,yes,yes,1
743,laos,yes,no,yes,2
744,laos,yes,yes,yes,0
745,laos,yes,no,yes,2
746,laos,yes,yes,yes,1
747,laos,yes,yes,yes,3
748,laos,yes,no,yes,0
749,cyprus,yes,yes,yes,3
750,cyprus,yes,no,yes,2
751,cyprus,yes,yes,yes,3
752,cyprus,yes,yes,yes,0
753,cyprus,yes,no,yes,2
754,cyprus,yes,yes,yes,3
755,cyprus,yes,yes,yes,0
756,cyprus,yes,yes,yes,0
757,cyprus,yes,yes,yes,3
758,cyprus,yes,yes,yes,1
759,cyprus,yes,yes,yes,1
760,cyprus,yes,yes,yes,3
761,india,yes,yes,yes,1
762,india,yes,yes,yes,3
763,india,yes,yes,yes,3
764,india,yes,yes,yes,3
765,india,yes,yes,yes,3
766,india,yes,yes,yes,3
767,india,yes,yes,yes,3
768,india,yes,yes,yes,3
769,india,yes,yes,yes,0
770,iran,yes,yes,yes,1
771,iran,yes,no,yes,0
772,iran,yes,yes,yes,1
773,iran,yes,no,yes,2
774,iran,yes,yes,yes,1
775,iran,yes,yes,yes,3
776,iran,yes,no,yes,3
777,iran,yes,no,yes,2
778,iran,yes,yes,yes,3
779,iran,yes,no,yes,2
780,iran,yes,no,yes,3
781,iran,yes,yes,yes,2
782,iran,yes,no,yes,0
783,iran,yes,yes,yes,0
784,iran,yes,no,yes,0
785,greece,yes,yes,yes,3
786,greece,yes,no,yes,1
787,greece,yes,yes,yes,3
788,greece,yes,no,yes,2
789,greece,yes,yes,yes,3
790,greece,yes,no,yes,1
791,greece,yes,yes,yes,3
792,greece,yes,no,yes,2
793,greece,yes,yes,yes,3
794,greece,yes,no,yes,2
795,greece,yes,no,yes,1
796,greece,yes,yes,yes,3
797,venezuela,yes,yes,yes,2
798,venezuela,yes,yes,yes,3
799,venezuela,yes,yes,yes,3
800,venezuela,yes,yes,yes,1
801,venezuela,yes,yes,yes,3
802,venezuela,yes,yes,yes,2
803,venezuela,yes,yes,yes,3
804,venezuela,yes,yes,yes,3
805,venezuela,yes,yes,yes,2
806,venezuela,yes,yes,yes,0
807,venezuela,yes,no,yes,0
808,venezuela,yes,yes,yes,2
809,saudi_arabia,yes,yes,yes,3
810,saudi_arabia,yes,yes,yes,3
811,saudi_arabia,yes,yes,yes,3
812,saudi_arabia,yes,yes,yes,2
813,saudi_arabia,yes,yes,yes,1
814,saudi_arabia,yes,yes,yes,1
815,saudi_arabia,yes,yes,yes,2
816,saudi_arabia,yes,yes,yes,1
817,saudi_arabia,yes,yes,yes,3
818,saudi_arabia,yes,yes,yes,1
819,saudi_arabia,yes,yes,yes,3
820,saudi_arabia,yes,no,yes,1
821,saudi_arabia,yes,no,yes,2
822,saudi_arabia,yes,yes,yes,3
823,saudi_arabia,yes,no,yes,2
824,israel,yes,yes,yes,3
825,israel,yes,yes,yes,3
826,israel,yes,no,yes,1
827,israel,yes,no,yes,0
828,israel,yes,yes,yes,1
829,israel,yes,yes,yes,3
830,israel,yes,yes,yes,3
831,israel,yes,yes,yes,3
832,israel,yes,yes,yes,3
833,israel,yes,yes,yes,3
834,israel,yes,yes,yes,3
835,israel,yes,yes,yes,3
836,israel,yes,no,yes,3
837,hungary,yes,no,yes,1
838,hungary,yes,yes,yes,2
839,hungary,no,no,yes,1
840,hungary,yes,yes,yes,3
841,hungary,yes,no,yes,3
842,hungary,yes,yes,yes,3
843,hungary,yes,yes,yes,1
844,hungary,yes,yes,yes,3
845,hungary,yes,yes,yes,0
846,hungary,yes,yes,yes,2
847,hungary,yes,no,yes,2
848,hungary,yes,no,yes,2
849,samoa,yes,yes,yes,1
850,samoa,yes,yes,yes,3
851,samoa,yes,yes,yes,3
852,samoa,yes,yes,yes,3
853,samoa,yes,no,yes,1
854,samoa,yes,yes,yes,0
855,samoa,yes,yes,yes,0
856,samoa,yes,yes,yes,3
857,samoa,yes,yes,yes,1
858,samoa,yes,yes,yes,0
859,samoa,yes,yes,yes,0
860,samoa,yes,yes,yes,2
861,türkiye,yes,yes,yes,3
862,türkiye,yes,yes,yes,3
863,türkiye,yes,yes,yes,1
864,türkiye,yes,yes,yes,3
865,türkiye,yes,yes,yes,3
866,türkiye,yes,no,yes,2
867,türkiye,yes,yes,yes,1
868,türkiye,yes,yes,yes,3
869,türkiye,yes,yes,yes,0
870,türkiye,yes,yes,yes,3
871,türkiye,yes,yes,yes,3
872,türkiye,yes,yes,yes,3
873,united_states_of_america,yes,yes,yes,3
874,united_states_of_america,yes,yes,yes,1
875,united_states_of_america,no,yes,yes,3
876,united_states_of_america,yes,yes,yes,3
877,united_states_of_america,yes,yes,yes,3
878,united_states_of_america,yes,yes,yes,3
879,united_states_of_america,yes,yes,yes,0
880,united_states_of_america,yes,yes,yes,3
881,united_states_of_america,yes,yes,yes,0
882,united_states_of_america,yes,yes,yes,3
883,united_states_of_america,yes,yes,yes,3
884,united_states_of_america,yes,yes,yes,3
885,united_states_of_america,yes,yes,yes,3
886,united_states_of_america,yes,yes,yes,3
887,united_states_of_america,yes,yes,yes,3
888,cambodia,yes,yes,yes,3
889,cambodia,yes,no,yes,2
890,cambodia,yes,yes,yes,3
891,cambodia,yes,no,yes,2
892,cambodia,yes,yes,yes,3
893,cambodia,yes,no,yes,3
894,cambodia,yes,yes,yes,3
895,cambodia,yes,no,yes,2
896,cambodia,yes,yes,yes,3
897,cambodia,yes,yes,yes,3
898,cambodia,yes,no,yes,0
899,cambodia,yes,yes,yes,0
900,south_sudan,yes,no,yes,2
901,south_sudan,yes,yes,yes,1
902,south_sudan,yes,no,yes,2
903,south_sudan,yes,yes,yes,3
904,south_sudan,yes,yes,yes,0
905,south_sudan,yes,no,yes,2
906,south_sudan,yes,no,yes,3
907,south_sudan,yes,yes,yes,1
908,south_sudan,yes,no,yes,2
909,egypt,no,yes,yes,3
910,egypt,no,no,yes,1
911,egypt,no,no,yes,2
912,egypt,no,no,yes,0
913,egypt,no,yes,yes,3
914,egypt,no,no,yes,3
915,egypt,no,no,yes,1
916,egypt,no,yes,yes,3
917,egypt,no,no,yes,2
918,egypt,no,no,yes,0
919,egypt,no,no,yes,2
920,egypt,no,no,yes,2
921,lebanon,no,no,yes,2
922,lebanon,no,no,yes,3
923,lebanon,no,no,yes,1
924,lebanon,no,yes,yes,1
925,lebanon,no,no,yes,1
926,lebanon,no,no,yes,1
927,lebanon,no,no,yes,1
928,lebanon,no,yes,yes,2
929,lebanon,no,yes,yes,3
930,zimbabwe,no,no,yes,2
931,zimbabwe,no,no,yes,2
932,zimbabwe,no,no,yes,2
933,zimbabwe,no,yes,yes,1
934,zimbabwe,no,no,yes,1
935,zimbabwe,no,no,yes,0
936,zimbabwe,no,no,yes,3
937,zimbabwe,no,no,yes,3
938,zimbabwe,no,no,yes,3
939,zimbabwe,no,no,yes,1
940,zimbabwe,no,yes,yes,1
941,zimbabwe,no,yes,yes,0
942,philippines,no,no,yes,1
943,philippines,no,no,yes,2
944,philippines,no,no,yes,0
945,philippines,no,no,yes,3
946,philippines,no,yes,yes,0
947,philippines,no,no,yes,1
948,philippines,no,no,yes,2
949,philippines,no,yes,yes,2
950,philippines,no,yes,yes,2
951,philippines,no,no,yes,2
952,philippines,no,no,yes,0
953,philippines,no,no,yes,2
954,sudan,no,yes,yes,2
955,sudan,no,no,yes,1
956,sudan,no,yes,yes,2
957,sudan,no,no,yes,2
958,sudan,no,no,yes,0
959,sudan,no,no,yes,2
960,sudan,no,no,yes,2
961,sudan,no,no,yes,2
962,sudan,no,no,yes,1
963,sudan,no,yes,yes,2
964,sudan,no,no,yes,3
965,sudan,no,yes,yes,1
966,sudan,no,no,yes,0
967,sudan,no,yes,yes,2
968,sudan,no,yes,yes,0
969,spain,no,yes,yes,2
970,spain,no,no,yes,2
971,spain,no,yes,yes,0
972,spain,no,no,yes,3
973,spain,no,no,yes,3
974,spain,no,no,yes,1
975,spain,no,yes,yes,0
976,spain,no,no,yes,0
977,spain,no,yes,yes,2
978,spain,no,no,yes,0
979,spain,no,no,yes,2
980,spain,no,yes,yes,1
981,tonga,no,yes,yes,2
982,tonga,no,no,yes,2
983,tonga,yes,no,yes,0
984,tonga,no,no,yes,0
985,tonga,no,no,yes,3
986,tonga,no,no,yes,0
987,tonga,no,no,yes,0
988,tonga,no,no,yes,0
989,tonga,no,no,yes,2
990,tonga,no,no,yes,1
991,tonga,no,no,yes,3
992,tonga,yes,yes,yes,0
993,hong_kong,no,no,yes,0
994,hong_kong,no,no,yes,2
995,hong_kong,no,no,yes,3
996,hong_kong,no,no,yes,0
997,hong_kong,no,no,yes,3
998,hong_kong,no,no,yes,1
999,hong_kong,no,no,yes,0
1000,hong_kong,yes,yes,yes,0
1001,hong_kong,no,no,yes,2
1002,hong_kong,no,no,yes,1
1003,hong_kong,no,no,yes,2
1004,hong_kong,no,no,yes,0
1005,colombia,no,no,yes,3
1006,colombia,no,no,yes,2
1007,colombia,no,yes,yes,2
1008,colombia,no,no,yes,1
1009,colombia,no,no,yes,2
1010,colombia,no,no,yes,1
1011,colombia,no,no,yes,2
1012,colombia,no,yes,yes,2
1013,colombia,no,no,yes,2
1014,vietnam,no,no,yes,0
1015,vietnam,no,no,yes,2
1016,vietnam,no,no,yes,0
1017,vietnam,no,yes,yes,3
1018,vietnam,no,no,yes,1
1019,vietnam,no,no,yes,3
1020,vietnam,no,yes,yes,1
1021,vietnam,no,no,yes,0
1022,vietnam,no,no,yes,3
1023,vietnam,no,no,yes,0
1024,vietnam,no,yes,yes,0
1025,vietnam,yes,no,yes,2
1026,north_macedonia,no,no,yes,2
1027,north_macedonia,no,yes,yes,1
1028,north_macedonia,no,no,yes,3
1029,north_macedonia,no,no,yes,2
1030,north_macedonia,no,yes,yes,1
1031,north_macedonia,no,no,yes,2
1032,north_macedonia,no,no,yes,1
1033,north_macedonia,no,no,yes,2
1034,north_macedonia,no,no,yes,0
1035,north_macedonia,no,no,yes,2
1036,north_macedonia,no,yes,yes,2
1037,north_macedonia,no,no,yes,3
1038,italy,no,no,yes,3
1039,italy,no,yes,yes,3
1040,italy,no,yes,yes,2
1041,italy,no,yes,yes,2
1042,italy,no,no,yes,0
1043,italy,no,no,yes,2
1044,italy,no,no,yes,3
1045,italy,no,no,yes,0
1046,italy,no,no,yes,3
1047,italy,no,no,yes,0
1048,italy,no,yes,yes,0
1049,canada,no,yes,yes,2
1050,canada,no,no,yes,3
1051,canada,no,no,yes,3
1052,canada,no,no,yes,1
1053,canada,no,yes,yes,0
1054,canada,no,no,yes,1
1055,canada,no,no,yes,0
1056,canada,no,no,yes,2
1057,canada,no,yes,yes,1
1058,canada,no,no,yes,2
1059,canada,no,no,yes,0
1060,canada,no,yes,yes,0
1061,iraq,no,no,yes,2
1062,iraq,no,no,yes,0
1063,iraq,no,no,yes,0
1064,iraq,no,no,yes,2
1065,iraq,no,yes,yes,2
1066,iraq,no,yes,yes,0
1067,iraq,no,yes,yes,2
1068,iraq,no,no,yes,1
1069,iraq,no,no,yes,2
1070,iraq,no,no,yes,2
1071,iraq,no,yes,yes,3
1072,iraq,no,no,yes,1
1073,united_kingdom,no,yes,yes,3
1074,united_kingdom,no,yes,yes,3
1075,united_kingdom,no,yes,yes,2
1076,united_kingdom,no,no,yes,3
1077,united_kingdom,no,no,yes,1
1078,united_kingdom,no,yes,yes,3
1079,united_kingdom,no,no,yes,1
1080,united_kingdom,no,no,yes,2
1081,united_kingdom,yes,no,yes,0
1082,singapore,no,no,yes,2
1083,singapore,no,yes,yes,3
1084,singapore,no,yes,yes,2
1085,singapore,no,no,yes,1
1086,singapore,no,no,yes,3
1087,singapore,no,no,yes,2
1088,singapore,no,no,yes,2
1089,singapore,no,no,yes,0
1090,singapore,no,yes,yes,2
1091,singapore,no,no,yes,2
1092,singapore,no,no,yes,3
1093,singapore,no,no,yes,1
1094,timor-leste,no,no,yes,0
1095,timor-leste,no,no,yes,0
1096,timor-leste,no,no,yes,1
1097,timor-leste,yes,yes,yes,2
1098,timor-leste,no,no,yes,1
1099,timor-leste,no,no,yes,2
1100,timor-leste,no,no,yes,1
1101,timor-leste,no,no,yes,3
1102,timor-leste,no,no,yes,1
1103,timor-leste,no,no,yes,1
1104,timor-leste,no,no,yes,2
1105,timor-leste,no,no,yes,2
1106,poland,no,yes,yes,0
1107,poland,yes,yes,yes,3
1108,poland,no,yes,yes,2
1109,poland,no,yes,yes,2
1110,poland,no,no,yes,1
1111,poland,no,no,yes,3
1112,poland,no,no,yes,2
1113,poland,no,no,yes,2
1114,poland,no,yes,yes,2
1115,poland,no,yes,yes,2
1116,poland,no,no,yes,2
1117,poland,no,no,yes,2
1118,pakistan,no,yes,yes,2
1119,pakistan,no,no,yes,3
1120,pakistan,no,no,yes,1
1121,pakistan,no,yes,yes,1
1122,pakistan,no,no,yes,2
1123,pakistan,no,no,yes,0
1124,pakistan,yes,no,yes,0
1125,pakistan,no,no,yes,1
1126,pakistan,yes,yes,yes,0
1127,pakistan,no,yes,yes,2
1128,pakistan,no,no,yes,1
1129,pakistan,no,no,yes,3
1130,mexico,no,yes,yes,1
1131,mexico,no,no,yes,0
1132,mexico,no,no,yes,3
1133,mexico,no,no,yes,2
1134,mexico,no,no,yes,0
1135,mexico,no,no,yes,3
1136,mexico,no,yes,yes,0
1137,mexico,no,yes,yes,1
1138,mexico,no,yes,yes,1
1139,mexico,no,no,yes,1
1140,mexico,no,no,yes,2
1141,mexico,no,yes,yes,2
1142,argentina,no,yes,yes,0
1143,argentina,no,yes,yes,2
1144,argentina,no,no,yes,0
1145,argentina,no,no,yes,0
1146,argentina,no,no,yes,0
1147,argentina,no,yes,yes,2
1148,argentina,no,no,yes,2
1149,argentina,no,yes,yes,3
1150,argentina,no,no,yes,1
1151,argentina,yes,yes,yes,3
1152,argentina,no,no,yes,3
1153,argentina,no,no,yes,2
1154,taiwan,no,no,yes,3
1155,taiwan,no,yes,yes,2
1156,taiwan,no,yes,yes,2
1157,taiwan,no,no,yes,1
1158,taiwan,no,no,yes,2
1159,taiwan,no,no,yes,3
1160,taiwan,no,no,yes,3
1161,taiwan,no,yes,yes,2
1162,taiwan,no,no,yes,0
1163,taiwan,no,no,yes,2
1164,taiwan,no,no,yes,0
1165,somalia,no,yes,yes,3
1166,somalia,no,yes,yes,2
1167,somalia,no,no,yes,2
1168,somalia,no,no,yes,2
1169,somalia,no,no,yes,0
1170,somalia,no,no,yes,0
1171,somalia,no,no,yes,2
1172,somalia,no,no,yes,1
1173,somalia,no,no,yes,1
1174,somalia,no,no,yes,3
1175,somalia,no,no,yes,0
1176,somalia,no,no,yes,3
1177,somalia,no,no,yes,0
1178,somalia,no,no,yes,0
1179,somalia,no,yes,yes,0
1180,serbia,no,no,yes,2
1181,serbia,no,no,yes,1
1182,serbia,no,no,yes,3
1183,serbia,no,no,yes,1
1184,serbia,no,yes,yes,1
1185,serbia,no,no,yes,3
1186,serbia,no,no,yes,0
1187,serbia,no,yes,yes,0
1188,serbia,no,no,yes,1
1189,serbia,no,no,yes,1
1190,serbia,no,no,yes,2
1191,serbia,no,yes,yes,2
1192,sweden,no,no,yes,3
1193,sweden,no,yes,yes,0
1194,sweden,no,yes,yes,1
1195,sweden,no,no,yes,0
1196,sweden,no,yes,yes,2
1197,sweden,no,no,yes,2
1198,sweden,no,yes,yes,3
1199,sweden,no,no,yes,3
1200,sweden,no,no,yes,3
1201,sweden,no,no,yes,1
1202,sweden,yes,yes,yes,1
1203,sweden,no,no,yes,0
1204,south_korea,no,no,yes,0
1205,south_korea,no,no,yes,0
1206,south_korea,no,no,yes,0
1207,south_korea,no,no,yes,2
1208,south_korea,no,no,yes,3
1209,south_korea,no,yes,yes,0
1210,south_korea,no,no,yes,1
1211,south_korea,no,no,yes,1
1212,south_korea,no,no,yes,1
1213,myanmar,no,no,yes,2
1214,myanmar,no,no,yes,3
1215,myanmar,no,no,yes,3
1216,myanmar,no,no,yes,3
1217,myanmar,no,no,yes,3
1218,myanmar,no,no,yes,2
1219,myanmar,no,yes,yes,3
1220,myanmar,no,no,yes,3
1221,myanmar,no,no,yes,1
1222,myanmar,no,no,yes,0
1223,myanmar,no,no,yes,0
1224,myanmar,no,no,yes,3
1225,myanmar,no,no,yes,0
1226,myanmar,no,no,yes,1
1227,myanmar,no,yes,yes,0
1228,malta,no,no,yes,2
1229,malta,no,yes,yes,3
1230,malta,no,no,yes,3
1231,malta,no,no,yes,1
1232,malta,no,no,yes,1
1233,malta,no,yes,yes,2
1234,malta,no,no,yes,1
1235,malta,no,no,yes,2
1236,malta,no,no,yes,2
1237,malta,no,no,yes,2
1238,malta,no,no,yes,0
1239,malta,no,no,yes,2
1240,china,no,no,yes,0
1241,china,no,no,yes,3
1242,china,no,no,yes,0
1243,china,no,yes,yes,0
1244,china,no,no,yes,1
1245,china,no,no,yes,0
1246,china,no,no,yes,1
1247,china,yes,yes,yes,0
1248,china,no,no,yes,1
1249,china,no,no,yes,0
1250,china,no,no,yes,0
1251,china,no,no,yes,3
1252,germany,no,no,yes,3
1253,germany,no,no,yes,1
1254,germany,no,yes,yes,3
1255,germany,no,yes,yes,3
1256,germany,no,no,yes,1
1257,germany,no,yes,yes,3
1258,germany,no,no,yes,3
1259,germany,no,yes,yes,3
1260,germany,no,yes,yes,1
1261,germany,no,no,yes,0
1262,germany,no,no,yes,3
1263,germany,no,no,yes,0
1264,germany,no,no,yes,2
1265,germany,yes,no,yes,2
1266,germany,no,yes,yes,2
1267,ukraine,no,no,yes,3
1268,ukraine,no,no,yes,2
1269,ukraine,no,no,yes,3
1270,ukraine,no,no,yes,2
1271,ukraine,no,yes,yes,0
1272,ukraine,no,no,yes,0
1273,ukraine,no,no,yes,2
1274,ukraine,no,no,yes,2
1275,ukraine,no,no,yes,0
1276,ukraine,no,no,yes,3
1277,ukraine,no,no,yes,1
1278,ukraine,no,no,yes,2
1279,ukraine,no,no,yes,1
1280,ukraine,no,no,yes,2
1281,ukraine,no,yes,yes,2
1282,romania,no,yes,yes,3
1283,romania,no,yes,yes,2
1284,romania,no,no,yes,1
1285,romania,no,yes,yes,0
1286,romania,yes,no,yes,1
1287,romania,no,yes,yes,3
1288,romania,no,no,yes,0
1289,romania,no,no,yes,0
1290,romania,no,no,yes,0
1291,romania,no,no,yes,1
1292,romania,no,yes,yes,0
1293,romania,no,no,yes,2
1294,russia,no,no,yes,0
1295,russia,no,yes,yes,1
1296,russia,no,no,yes,2
1297,russia,no,no,yes,1
1298,russia,no,no,yes,2
1299,russia,no,no,yes,0
1300,russia,no,yes,yes,1
1301,russia,no,yes,yes,0
1302,russia,no,yes,yes,0
1303,russia,no,no,yes,0
1304,nepal,no,no,yes,2
1305,nepal,no,yes,yes,0
1306,nepal,no,yes,yes,3
1307,nepal,no,no,yes,2
1308,nepal,no,no,yes,1
1309,nepal,no,no,yes,0
1310,nepal,no,no,yes,3
1311,nepal,no,no,yes,0
1312,nepal,no,yes,yes,1
1313,nepal,no,no,yes,2
1314,nepal,no,no,yes,3
1315,nepal,no,yes,yes,3
1316,bangladesh,no,no,yes,2
1317,bangladesh,no,no,yes,1
1318,bangladesh,no,no,yes,0
1319,bangladesh,no,yes,yes,0
1320,bangladesh,no,no,yes,2
1321,bangladesh,no,no,yes,2
1322,bangladesh,no,yes,yes,0
1323,bangladesh,no,no,yes,3
1324,bangladesh,yes,yes,yes,2
1325,bangladesh,no,yes,yes,3
1326,bangladesh,no,no,yes,3
1327,bangladesh,no,no,yes,3
1328,portugal,no,no,yes,2
1329,portugal,no,yes,yes,1
1330,portugal,no,no,yes,2
1331,portugal,no,yes,yes,1
1332,portugal,no,no,yes,2
1333,portugal,no,yes,yes,2
1334,portugal,no,no,yes,3
1335,portugal,no,no,yes,3
1336,portugal,no,no,yes,3
1337,portugal,no,no,yes,1
1338,portugal,yes,yes,yes,0
1339,portugal,no,no,yes,3
1340,thailand,no,no,yes,3
1341,thailand,no,yes,yes,3
1342,thailand,no,no,yes,1
1343,thailand,no,no,yes,1
1344,thailand,no,no,yes,0
1345,thailand,no,no,yes,2
1346,thailand,no,no,yes,1
1347,thailand,no,no,yes,2
1348,thailand,no,no,yes,3
1349,thailand,no,no,yes,2
1350,thailand,no,yes,yes,0
1351,france,no,no,yes,2
1352,france,no,no,yes,2
1353,france,no,yes,yes,1
1354,france,no,no,yes,0
1355,france,no,no,yes,2
1356,france,no,no,yes,0
1357,france,no,no,yes,0
1358,france,no,no,yes,0
1359,france,no,no,yes,0
1360,france,no,no,yes,0
1361,france,no,no,yes,0
1362,france,no,no,yes,0
1363,ireland,no,no,yes,3
1364,ireland,no,yes,yes,0
1365,ireland,no,yes,yes,2
1366,ireland,no,no,yes,0
1367,ireland,no,no,yes,1
1368,ireland,no,no,yes,0
1369,ireland,no,yes,yes,1
1370,ireland,no,no,yes,1
1371,ireland,no,no,yes,0
1372,ireland,no,no,yes,3
1373,ireland,no,no,yes,0
1374,ireland,no,no,yes,0
1375,ireland,no,no,yes,1
1376,ireland,no,yes,yes,1
1377,ireland,no,no,yes,1
1378,croatia,no,no,yes,3
1379,croatia,no,no,yes,0
1380,croatia,no,no,yes,3
1381,croatia,no,no,yes,2
1382,croatia,no,yes,yes,2
1383,croatia,no,yes,yes,1
1384,croatia,no,yes,yes,0
1385,croatia,no,no,yes,2
1386,croatia,no,no,yes,0
1387,croatia,no,yes,yes,2
1388,croatia,no,no,yes,3
1389,croatia,no,yes,yes,0
1390,mauritius,no,no,yes,2
1391,mauritius,no,yes,yes,2
1392,mauritius,no,no,yes,2
1393,mauritius,no,no,yes,0
1394,mauritius,no,yes,yes,2
1395,mauritius,no,no,yes,2
1396,mauritius,no,no,yes,0
1397,mauritius,no,no,yes,1
1398,mauritius,no,no,yes,1
1399,mauritius,yes,no,yes,2
1400,mauritius,no,no,yes,3
1401,mauritius,yes,yes,yes,2
1402,fiji,no,no,yes,1
1403,fiji,no,no,yes,2
1404,fiji,no,no,yes,2
1405,fiji,no,no,yes,3
1406,fiji,no,no,yes,3
1407,fiji,no,no,yes,3
1408,fiji,no,yes,yes,2
1409,fiji,no,yes,yes,1
1410,fiji,no,no,yes,2
1411,austria,no,no,yes,0
1412,austria,no,yes,yes,0
1413,austria,no,no,yes,3
1414,austria,no,no,yes,0
1415,austria,no,no,yes,2
1416,austria,no,no,yes,0
1417,austria,no,no,yes,2
1418,austria,no,no,yes,0
1419,austria,no,yes,yes,2
1420,austria,no,no,yes,1
1421,austria,no,yes,yes,1
1422,brazil,yes,yes,yes,2
1423,brazil,yes,no,yes,1
1424,brazil,yes,yes,yes,1
1425,brazil,no,no,yes,1
1426,brazil,no,yes,yes,3
1427,brazil,no,yes,yes,2
1428,brazil,no,no,yes,1
1429,brazil,no,no,yes,0
1430,brazil,no,no,yes,0
1431,brazil,no,yes,yes,3
1432,brazil,no,no,yes,1
1433,brazil,no,no,yes,0
1434,south_africa,no,no,yes,2
1435,south_africa,no,yes,yes,2
1436,south_africa,no,no,yes,2
1437,south_africa,no,yes,yes,0
1438,south_africa,no,yes,yes,1
1439,south_africa,no,no,yes,0
1440,south_africa,no,no,yes,2
1441,south_africa,no,no,yes,1
1442,south_africa,no,no,yes,3
1443,south_africa,no,no,yes,2
1444,south_africa,no,no,yes,0
1445,south_africa,no,no,yes,3
1446,chile,no,no,yes,2
1447,chile,no,yes,yes,3
1448,chile,no,no,yes,3
1449,chile,no,no,yes,3
1450,chile,no,no,yes,0
1451,chile,yes,yes,yes,1
1452,chile,no,no,yes,0
1453,chile,no,no,yes,3
1454,chile,no,no,yes,3
1455,chile,no,yes,yes,1
1456,chile,no,no,yes,3
1457,chile,no,no,yes,1
1458,papua_new_guinea,no,no,yes,2
1459,papua_new_guinea,no,no,yes,1
1460,papua_new_guinea,no,no,yes,1
1461,papua_new_guinea,no,no,yes,1
1462,papua_new_guinea,no,no,yes,3
1463,papua_new_guinea,no,no,yes,0
1464,papua_new_guinea,no,yes,yes,3
1465,papua_new_guinea,no,no,yes,3
1466,papua_new_guinea,no,no,yes,3
1467,papua_new_guinea,no,no,yes,1
1468,papua_new_guinea,yes,yes,yes,0
1469,papua_new_guinea,no,no,yes,2
1470,afghanistan,no,no,yes,3
1471,afghanistan,no,yes,yes,2
1472,afghanistan,no,no,yes,1
1473,afghanistan,no,no,yes,1
1474,afghanistan,no,no,yes,3
1475,afghanistan,no,no,yes,1
1476,afghanistan,no,no,yes,1
1477,afghanistan,no,no,yes,3
1478,afghanistan,no,no,yes,1
1479,afghanistan,no,no,yes,0
1480,afghanistan,no,yes,yes,2
1481,afghanistan,no,yes,yes,1
1482,afghanistan,yes,no,yes,2
1483,afghanistan,yes,no,yes,0
1484,afghanistan,no,no,yes,2
1485,japan,no,yes,yes,3
1486,japan,no,no,yes,1
1487,japan,no,yes,yes,3
1488,japan,no,no,yes,0
1489,japan,no,no,yes,2
1490,japan,no,no,yes,2
1491,japan,no,no,yes,3
1492,japan,no,no,yes,3
1493,japan,no,no,yes,0
1494,japan,no,yes,yes,2
1495,japan,no,no,yes,0
1496,japan,no,no,yes,0
1497,australia,no,yes,yes,0
1498,australia,no,no,yes,0
1499,australia,no,no,yes,0
1500,australia,no,no,yes,1
1501,australia,no,yes,yes,2
1502,australia,no,no,yes,1
1503,australia,no,no,yes,0
1504,australia,no,yes,yes,3
1505,netherlands,no,yes,yes,0
1506,netherlands,no,no,yes,0
1507,netherlands,no,no,yes,1
1508,netherlands,no,no,yes,3
1509,netherlands,no,no,yes,1
1510,netherlands,no,no,yes,3
1511,netherlands,no,no,yes,0
1512,netherlands,no,no,yes,3
1513,netherlands,no,no,yes,2
1514,netherlands,yes,no,yes,0
1515,netherlands,no,no,yes,0
1516,netherlands,no,no,yes,2
1517,sri_lanka,no,no,yes,1
1518,sri_lanka,no,no,yes,1
1519,sri_lanka,no,no,yes,1
1520,sri_lanka,no,yes,yes,1
1521,sri_lanka,no,no,yes,2
1522,sri_lanka,no,yes,yes,2
1523,sri_lanka,no,no,yes,0
1524,sri_lanka,no,no,yes,0
1525,sri_lanka,no,yes,yes,2
1526,sri_lanka,no,no,yes,3
1527,sri_lanka,no,no,yes,2
1528,sri_lanka,no,no,yes,2
1529,indonesia,no,yes,yes,2
1530,indonesia,no,yes,yes,2
1531,indonesia,no,yes,yes,3
1532,indonesia,no,no,yes,3
1533,indonesia,no,yes,yes,3
1534,indonesia,no,no,yes,0
1535,indonesia,no,yes,yes,0
1536,indonesia,no,no,yes,2
1537,indonesia,no,no,yes,0
1538,malaysia,no,no,yes,2
1539,malaysia,no,no,yes,2
1540,malaysia,no,no,yes,2
1541,malaysia,no,no,yes,2
1542,malaysia,no,no,yes,2
1543,malaysia,no,no,yes,3
1544,malaysia,no,no,yes,0
1545,malaysia,no,yes,yes,3
1546,malaysia,no,yes,yes,3
1547,malaysia,no,no,yes,3
1548,malaysia,no,yes,yes,0
1549,malaysia,no,no,yes,3
1550,ethiopia,yes,no,yes,2
1551,ethiopia,no,no,yes,0
1552,ethiopia,no,no,yes,0
1553,ethiopia,no,no,yes,3
1554,ethiopia,no,no,yes,0
1555,ethiopia,no,yes,yes,2
1556,ethiopia,no,yes,yes,2
1557,ethiopia,no,no,yes,0
1558,ethiopia,no,yes,yes,0
1559,ethiopia,no,no,yes,1
1560,ethiopia,no,no,yes,3
1561,ethiopia,no,no,yes,2
1562,ethiopia,no,no,yes,2
1563,ethiopia,no,no,yes,1
1564,ethiopia,no,no,yes,3
1565,bosnia_and_herzegovina,no,yes,yes,0
1566,bosnia_and_herzegovina,yes,yes,yes,0
1567,bosnia_and_herzegovina,no,no,yes,2
1568,bosnia_and_herzegovina,no,no,yes,2
1569,bosnia_and_herzegovina,no,yes,yes,0
1570,bosnia_and_herzegovina,no,no,yes,0
1571,bosnia_and_herzegovina,no,yes,yes,2
1572,bosnia_and_herzegovina,no,no,yes,2
1573,bosnia_and_herzegovina,no,yes,yes,2
1574,bosnia_and_herzegovina,no,yes,yes,2
1575,bosnia_and_herzegovina,no,no,yes,2
1576,bosnia_and_herzegovina,no,no,yes,2
1577,palestinian_territories,no,yes,yes,2
1578,palestinian_territories,yes,no,yes,0
1579,palestinian_territories,no,no,yes,2
1580,palestinian_territories,no,no,yes,2
1581,palestinian_territories,no,no,yes,2
1582,palestinian_territories,no,no,yes,1
1583,palestinian_territories,no,no,yes,3
1584,palestinian_territories,no,yes,yes,0
1585,palestinian_territories,no,yes,yes,0
1586,palestinian_territories,no,no,yes,0
1587,palestinian_territories,no,yes,yes,0
1588,palestinian_territories,no,no,yes,0
1589,palestinian_territories,no,no,yes,2
1590,palestinian_territories,no,no,yes,1
1591,syria,no,no,yes,2
1592,syria,no,no,yes,2
1593,syria,no,yes,yes,3
1594,syria,no,no,yes,0
1595,syria,no,no,yes,0
1596,syria,no,no,yes,2
1597,kenya,no,no,yes,2
1598,kenya,no,no,yes,3
1599,kenya,no,yes,yes,2
1600,kenya,no,no,yes,0
1601,kenya,no,no,yes,1
1602,kenya,no,no,yes,0
1603,kenya,no,no,yes,0
1604,kenya,no,no,yes,0
1605,kenya,no,no,yes,3
1606,kenya,no,no,yes,0
1607,kenya,no,yes,yes,3
1608,kenya,no,no,yes,0
1609,new_zealand,yes,yes,yes,2
1610,new_zealand,no,no,yes,1
1611,new_zealand,no,yes,yes,1
1612,new_zealand,no,no,yes,3
1613,new_zealand,no,yes,yes,0
1614,new_zealand,no,no,yes,0
1615,new_zealand,no,no,yes,0
1616,new_zealand,no,no,yes,0
1617,new_zealand,no,yes,yes,0
1618,new_zealand,no,no,yes,2
1619,new_zealand,no,yes,yes,3
1620,new_zealand,no,no,yes,2
1621,new_zealand,no,no,yes,0
1622,new_zealand,no,yes,yes,0
1623,new_zealand,no,no,yes,3
1624,peru,no,no,yes,0
1625,peru,no,no,yes,0
1626,peru,no,no,yes,2
1627,peru,no,no,yes,1
1628,peru,no,no,yes,1
1629,peru,no,no,yes,1
1630,peru,no,no,yes,2
1631,peru,no,no,yes,3
1632,peru,no,no,yes,2
1633,laos,no,no,yes,3
1634,laos,no,yes,yes,2
1635,laos,no,no,yes,3
1636,laos,no,no,yes,0
1637,laos,no,no,yes,2
1638,laos,yes,neutral,yes,1
1639,laos,no,no,yes,0
1640,laos,yes,no,yes,1
1641,laos,no,yes,yes,2
1642,laos,no,yes,yes,0
1643,laos,no,no,yes,2
1644,laos,no,no,yes,3
1645,cyprus,no,yes,yes,2
1646,cyprus,no,no,yes,2
1647,cyprus,no,no,yes,1
1648,cyprus,no,no,yes,1
1649,cyprus,no,no,yes,0
1650,cyprus,no,no,yes,2
1651,cyprus,no,no,yes,0
1652,cyprus,no,yes,yes,0
1653,cyprus,no,no,yes,0
1654,cyprus,no,yes,yes,1
1655,cyprus,no,no,yes,3
1656,cyprus,no,yes,yes,2
1657,india,no,no,yes,2
1658,india,no,no,yes,3
1659,india,no,yes,yes,3
1660,india,no,yes,yes,2
1661,india,no,no,yes,1
1662,india,no,yes,yes,1
1663,india,no,yes,yes,2
1664,india,no,yes,yes,2
1665,india,no,no,yes,1
1666,india,no,no,yes,1
1667,india,no,no,yes,2
1668,iran,no,no,yes,1
1669,iran,no,yes,yes,0
1670,iran,no,no,yes,1
1671,iran,no,no,yes,3
1672,iran,no,no,yes,3
1673,iran,no,yes,yes,1
1674,iran,no,no,yes,3
1675,iran,no,no,yes,3
1676,iran,no,no,yes,1
1677,iran,no,no,yes,0
1678,iran,no,no,yes,3
1679,iran,no,yes,yes,0
1680,iran,no,no,yes,0
1681,iran,no,no,yes,2
1682,greece,no,no,yes,1
1683,greece,no,no,yes,0
1684,greece,no,no,yes,1
1685,greece,no,no,yes,2
1686,greece,no,no,yes,2
1687,greece,no,no,yes,0
1688,greece,no,no,yes,0
1689,greece,no,yes,yes,3
1690,greece,no,no,yes,2
1691,greece,no,no,yes,1
1692,greece,no,no,yes,3
1693,greece,no,yes,yes,2
1694,venezuela,no,no,yes,1
1695,venezuela,no,no,yes,3
1696,venezuela,no,no,yes,3
1697,venezuela,no,no,yes,1
1698,venezuela,no,yes,yes,1
1699,venezuela,no,yes,yes,2
1700,venezuela,no,no,yes,0
1701,venezuela,no,no,yes,2
1702,venezuela,no,no,yes,2
1703,venezuela,no,no,yes,1
1704,venezuela,yes,yes,yes,0
1705,venezuela,no,no,yes,1
1706,saudi_arabia,no,no,yes,2
1707,saudi_arabia,no,yes,yes,3
1708,saudi_arabia,no,no,yes,2
1709,saudi_arabia,no,no,yes,0
1710,saudi_arabia,no,yes,yes,0
1711,saudi_arabia,no,yes,yes,2
1712,saudi_arabia,no,yes,yes,3
1713,saudi_arabia,no,no,yes,0
1714,saudi_arabia,no,no,yes,1
1715,saudi_arabia,no,yes,yes,3
1716,saudi_arabia,no,no,yes,1
1717,saudi_arabia,no,no,yes,3
1718,saudi_arabia,no,no,yes,2
1719,saudi_arabia,no,yes,yes,1
1720,saudi_arabia,no,no,yes,0
1721,israel,no,no,yes,3
1722,israel,no,yes,yes,3
1723,israel,no,no,yes,0
1724,israel,no,no,yes,2
1725,israel,no,no,yes,1
1726,israel,no,yes,yes,0
1727,israel,no,yes,yes,1
1728,israel,no,yes,yes,3
1729,israel,no,no,yes,2
1730,israel,no,no,yes,2
1731,israel,no,no,yes,1
1732,israel,no,no,yes,1
1733,israel,no,yes,yes,0
1734,israel,no,yes,yes,1
1735,hungary,no,no,yes,1
1736,hungary,no,yes,yes,2
1737,hungary,no,neutral,yes,3
1738,hungary,no,yes,yes,3
1739,hungary,no,no,yes,3
1740,hungary,no,no,yes,3
1741,hungary,no,no,yes,2
1742,hungary,no,no,yes,0
1743,hungary,no,yes,yes,2
1744,hungary,no,yes,yes,2
1745,hungary,no,no,yes,3
1746,hungary,no,no,yes,2
1747,samoa,no,no,yes,1
1748,samoa,no,no,yes,0
1749,samoa,no,no,yes,1
1750,samoa,no,no,yes,1
1751,samoa,no,no,yes,2
1752,samoa,no,yes,yes,0
1753,samoa,no,no,yes,0
1754,samoa,no,no,yes,1
1755,samoa,no,no,yes,0
1756,samoa,no,no,yes,1
1757,samoa,yes,yes,yes,0
1758,samoa,no,no,yes,0
1759,türkiye,no,no,yes,2
1760,türkiye,no,no,yes,2
1761,türkiye,no,no,yes,2
1762,türkiye,no,no,yes,0
1763,türkiye,no,no,yes,0
1764,türkiye,no,no,yes,0
1765,türkiye,no,yes,yes,3
1766,türkiye,no,no,yes,0
1767,türkiye,no,no,yes,1
1768,türkiye,no,no,yes,3
1769,türkiye,no,no,yes,2
1770,türkiye,no,no,yes,2
1771,united_states_of_america,no,no,yes,0
1772,united_states_of_america,no,yes,yes,3
1773,united_states_of_america,no,yes,yes,3
1774,united_states_of_america,no,yes,yes,3
1775,united_states_of_america,no,no,yes,1
1776,united_states_of_america,no,yes,yes,3
1777,united_states_of_america,no,yes,yes,0
1778,united_states_of_america,no,no,yes,3
1779,united_states_of_america,no,yes,yes,1
1780,united_states_of_america,no,no,yes,0
1781,united_states_of_america,no,no,yes,0
1782,united_states_of_america,no,yes,yes,3
1783,united_states_of_america,no,no,yes,1
1784,united_states_of_america,no,no,yes,1
1785,united_states_of_america,no,yes,yes,0
1786,cambodia,no,no,yes,3
1787,cambodia,no,no,yes,3
1788,cambodia,no,no,yes,3
1789,cambodia,no,no,yes,1
1790,cambodia,no,no,yes,2
1791,cambodia,no,yes,yes,3
1792,cambodia,no,yes,yes,0
1793,cambodia,no,yes,yes,2
1794,cambodia,no,yes,yes,2
1795,cambodia,no,yes,yes,1
1796,cambodia,no,no,yes,3
1797,cambodia,no,no,yes,1
1798,south_sudan,no,no,yes,3
1799,south_sudan,no,no,yes,3
1800,south_sudan,no,no,yes,1
1801,south_sudan,no,no,yes,1
1802,south_sudan,no,no,yes,3
1803,south_sudan,no,no,yes,1
1804,south_sudan,no,no,yes,2
1805,south_sudan,no,no,yes,0
1806,south_sudan,no,no,yes,2
1807,sudan,no,no,yes,0
1808,romania,no,no,yes,3
1809,russia,yes,no,yes,1
1810,nepal,no,no,yes,3
1811,portugal,yes,no,yes,1
1812,ireland,yes,no,yes,2
1813,mauritius,no,no,yes,1
1814,netherlands,no,no,yes,2
1815,iran,yes,no,yes,1
1816,samoa,yes,yes,yes,0
1817,cambodia,no,no,yes,2
1818,austria,neutral,no,yes,2
1819,austria,neutral,no,yes,2
1820,austria,neutral,no,yes,2
1821,austria,neutral,no,yes,1
1822,poland,neutral,yes,yes,2
1823,austria,neutral,no,yes,2
1824,austria,neutral,no,yes,2
1825,austria,neutral,no,yes,2
1826,austria,neutral,no,yes,0
1827,austria,neutral,no,yes,2
1828,poland,neutral,no,yes,1
1829,austria,neutral,yes,yes,2
1830,poland,neutral,no,yes,2
1831,poland,neutral,no,yes,1
1832,poland,neutral,no,yes,1
1833,poland,neutral,no,yes,2
1834,poland,neutral,yes,yes,1
1835,poland,neutral,no,yes,2
1836,poland,neutral,no,yes,3
1837,poland,neutral,no,yes,1
1838,somalia,neutral,no,yes,1
1839,poland,neutral,no,yes,1
1840,somalia,neutral,no,yes,1
1841,somalia,neutral,yes,yes,1
1842,somalia,neutral,no,yes,3
1843,somalia,neutral,no,yes,1
1844,somalia,neutral,yes,yes,3
1845,somalia,neutral,no,yes,3
1846,somalia,neutral,no,yes,1
1847,somalia,neutral,yes,yes,2
1848,somalia,neutral,no,yes,2
1849,somalia,neutral,yes,yes,2
1850,somalia,neutral,no,yes,2
1851,brazil,neutral,no,yes,0
1852,somalia,neutral,no,yes,2
1853,somalia,neutral,yes,yes,2
1854,somalia,neutral,yes,yes,3
1855,syria,neutral,no,yes,3
1856,syria,neutral,no,yes,3
1857,syria,neutral,no,yes,1
1858,syria,neutral,neutral,yes,2
1859,syria,neutral,no,yes,0
1860,syria,neutral,yes,yes,3
1861,brazil,neutral,no,yes,1
1862,brazil,neutral,no,yes,1
1863,brazil,neutral,no,yes,1
1864,brazil,neutral,no,yes,1
1865,brazil,neutral,no,yes,0
1866,tonga,neutral,no,yes,1
1867,tonga,neutral,no,yes,1
1868,brazil,neutral,yes,yes,2
1869,brazil,neutral,no,yes,2
1870,south_africa,neutral,no,yes,0
1871,tonga,neutral,yes,yes,2
1872,samoa,neutral,yes,yes,0
1873,tonga,neutral,no,yes,1
1874,tonga,neutral,yes,yes,2
1875,tonga,neutral,no,yes,1
1876,tonga,neutral,yes,yes,1
1877,tonga,neutral,no,yes,2
1878,tonga,neutral,yes,yes,2
1879,tonga,neutral,yes,yes,1
1880,south_africa,neutral,no,yes,1
1881,tonga,neutral,no,yes,3
1882,south_africa,neutral,no,yes,1
1883,south_africa,neutral,yes,yes,0
1884,south_africa,neutral,no,yes,2
1885,south_africa,neutral,yes,yes,2
1886,south_africa,neutral,no,yes,3
1887,south_africa,neutral,yes,yes,1
1888,south_africa,neutral,yes,yes,2
1889,samoa,neutral,no,yes,1
1890,south_africa,neutral,no,yes,2
1891,samoa,neutral,no,yes,1
1892,south_africa,neutral,no,yes,2
1893,south_africa,neutral,yes,yes,0
1894,samoa,neutral,no,yes,1
1895,samoa,neutral,no,yes,2
1896,samoa,neutral,yes,yes,0
1897,samoa,neutral,no,yes,1
1898,samoa,neutral,no,yes,2
1899,peru,neutral,yes,yes,2
1900,samoa,neutral,no,yes,1
1901,samoa,neutral,no,yes,2
1902,samoa,neutral,no,yes,1
1903,philippines,neutral,yes,yes,1
1904,peru,neutral,yes,yes,3
1905,peru,neutral,yes,yes,0
1906,peru,neutral,no,yes,0
1907,peru,neutral,no,yes,2
1908,peru,neutral,no,yes,1
1909,colombia,neutral,no,yes,2
1910,peru,neutral,no,yes,2
1911,philippines,neutral,no,yes,0
1912,peru,neutral,no,yes,3
1913,peru,neutral,no,yes,2
1914,peru,neutral,yes,yes,1
1915,peru,neutral,no,yes,1
1916,philippines,neutral,no,yes,0
1917,philippines,neutral,yes,yes,2
1918,philippines,neutral,no,yes,3
1919,philippines,neutral,no,yes,3
1920,philippines,neutral,no,yes,2
1921,philippines,neutral,yes,yes,2
1922,pakistan,neutral,no,yes,2
1923,colombia,neutral,no,yes,1
1924,malta,neutral,no,yes,2
1925,colombia,neutral,no,yes,1
1926,malta,neutral,no,yes,2
1927,colombia,neutral,yes,yes,3
1928,colombia,neutral,no,yes,3
1929,colombia,neutral,no,yes,2
1930,colombia,neutral,no,yes,2
1931,colombia,neutral,no,yes,1
1932,colombia,neutral,yes,yes,3
1933,colombia,neutral,no,yes,2
1934,malta,neutral,no,yes,1
1935,malta,neutral,neutral,yes,2
1936,colombia,neutral,yes,yes,1
1937,bosnia_and_herzegovina,neutral,yes,yes,1
1938,pakistan,neutral,yes,yes,3
1939,pakistan,neutral,no,yes,1
1940,pakistan,neutral,no,yes,2
1941,malta,neutral,no,yes,2
1942,pakistan,neutral,no,yes,3
1943,pakistan,neutral,yes,yes,0
1944,pakistan,neutral,yes,yes,2
1945,pakistan,neutral,yes,yes,2
1946,pakistan,neutral,no,yes,0
1947,pakistan,neutral,no,yes,2
1948,pakistan,neutral,yes,yes,1
1949,malta,neutral,yes,yes,1
1950,malta,neutral,no,yes,1
1951,malta,neutral,no,yes,3
1952,malta,neutral,no,yes,1
1953,malta,neutral,no,yes,1
1954,malta,neutral,no,yes,1
1955,malta,neutral,yes,yes,0
1956,sri_lanka,neutral,no,yes,1
1957,sri_lanka,neutral,no,yes,2
1958,bosnia_and_herzegovina,neutral,yes,yes,0
1959,sri_lanka,neutral,no,yes,2
1960,bosnia_and_herzegovina,neutral,no,yes,1
1961,kenya,neutral,no,yes,3
1962,bosnia_and_herzegovina,neutral,no,yes,1
1963,bosnia_and_herzegovina,neutral,no,yes,0
1964,bosnia_and_herzegovina,neutral,no,yes,3
1965,sri_lanka,neutral,no,yes,0
1966,ireland,neutral,no,yes,1
1967,ireland,neutral,no,yes,0
1968,bosnia_and_herzegovina,neutral,no,yes,2
1969,bosnia_and_herzegovina,neutral,no,yes,1
1970,bosnia_and_herzegovina,neutral,no,yes,1
1971,bosnia_and_herzegovina,neutral,no,yes,2
1972,sri_lanka,neutral,no,yes,2
1973,sri_lanka,neutral,yes,yes,2
1974,kenya,neutral,no,yes,2
1975,kenya,neutral,yes,yes,2
1976,sri_lanka,neutral,no,yes,2
1977,kenya,neutral,yes,yes,2
1978,sri_lanka,neutral,no,yes,2
1979,timor-leste,neutral,no,yes,2
1980,sri_lanka,neutral,no,yes,2
1981,sri_lanka,neutral,yes,yes,0
1982,sri_lanka,neutral,no,yes,1
1983,kenya,neutral,no,yes,2
1984,timor-leste,neutral,no,yes,0
1985,ireland,neutral,yes,yes,0
1986,kenya,neutral,yes,yes,1
1987,kenya,neutral,yes,yes,2
1988,kenya,neutral,no,yes,3
1989,timor-leste,neutral,no,yes,1
1990,japan,neutral,yes,yes,3
1991,kenya,neutral,no,yes,2
1992,ireland,neutral,no,yes,3
1993,ireland,neutral,no,yes,0
1994,timor-leste,neutral,no,yes,1
1995,ireland,neutral,no,yes,1
1996,ireland,neutral,no,yes,1
1997,timor-leste,neutral,yes,yes,2
1998,ireland,neutral,no,yes,2
1999,ireland,neutral,no,yes,2
2000,ireland,neutral,yes,yes,0
2001,france,neutral,no,yes,2
2002,nepal,neutral,no,yes,0
2003,nepal,neutral,no,yes,0
2004,fiji,neutral,no,yes,1
2005,fiji,neutral,yes,yes,2
2006,fiji,neutral,no,yes,1
2007,timor-leste,neutral,no,yes,3
2008,timor-leste,neutral,yes,yes,2
2009,japan,neutral,no,yes,1
2010,france,neutral,no,yes,2
2011,france,neutral,no,yes,2
2012,timor-leste,neutral,no,yes,3
2013,timor-leste,neutral,no,yes,2
2014,timor-leste,neutral,no,yes,1
2015,timor-leste,neutral,no,yes,2
2016,france,neutral,no,yes,0
2017,timor-leste,neutral,no,yes,1
2018,france,neutral,no,yes,3
2019,japan,neutral,yes,yes,2
2020,japan,neutral,no,yes,3
2021,japan,neutral,yes,yes,2
2022,japan,neutral,no,yes,3
2023,japan,neutral,no,yes,0
2024,japan,neutral,no,yes,1
2025,japan,neutral,no,yes,2
2026,japan,neutral,yes,yes,0
2027,japan,neutral,yes,yes,3
2028,france,neutral,yes,yes,3
2029,france,neutral,no,yes,1
2030,france,neutral,no,yes,2
2031,netherlands,neutral,no,yes,1
2032,france,neutral,no,yes,0
2033,bangladesh,neutral,no,yes,0
2034,nepal,neutral,yes,yes,2
2035,bangladesh,neutral,no,yes,2
2036,france,neutral,no,yes,1
2037,nepal,neutral,yes,yes,2
2038,nepal,neutral,yes,yes,2
2039,nepal,neutral,yes,yes,2
2040,bangladesh,neutral,no,yes,2
2041,netherlands,neutral,yes,yes,3
2042,netherlands,neutral,yes,yes,3
2043,netherlands,neutral,no,yes,0
2044,netherlands,neutral,yes,yes,1
2045,netherlands,neutral,no,yes,3
2046,netherlands,neutral,no,yes,2
2047,iran,neutral,yes,yes,0
2048,netherlands,neutral,no,yes,2
2049,iran,neutral,yes,yes,1
2050,netherlands,neutral,no,yes,2
2051,netherlands,neutral,no,yes,2
2052,netherlands,neutral,no,yes,2
2053,nepal,neutral,no,yes,2
2054,nepal,neutral,no,yes,3
2055,nepal,neutral,no,yes,2
2056,cambodia,neutral,no,yes,2
2057,bangladesh,neutral,yes,yes,2
2058,cambodia,neutral,no,yes,3
2059,nepal,neutral,no,yes,1
2060,nepal,neutral,no,yes,2
2061,bangladesh,neutral,no,yes,0
2062,nepal,neutral,neutral,yes,2
2063,iran,neutral,no,yes,1
2064,iran,neutral,no,yes,3
2065,bangladesh,neutral,yes,yes,3
2066,bangladesh,neutral,no,yes,2
2067,bangladesh,neutral,yes,yes,2
2068,china,neutral,no,yes,2
2069,iran,neutral,no,yes,1
2070,ukraine,neutral,yes,yes,1
2071,iran,neutral,yes,yes,3
2072,bangladesh,neutral,no,yes,1
2073,ukraine,neutral,no,yes,3
2074,iran,neutral,yes,yes,0
2075,iran,neutral,no,yes,1
2076,iran,neutral,no,yes,1
2077,iran,neutral,yes,yes,2
2078,ukraine,neutral,no,yes,0
2079,cambodia,neutral,no,yes,1
2080,iran,neutral,yes,yes,0
2081,china,neutral,yes,yes,1
2082,ukraine,neutral,no,yes,1
2083,iran,neutral,yes,yes,2
2084,iran,neutral,no,yes,0
2085,iran,neutral,no,yes,2
2086,ukraine,neutral,no,yes,2
2087,cambodia,neutral,yes,yes,1
2088,cambodia,neutral,no,yes,2
2089,cambodia,neutral,yes,yes,3
2090,malaysia,neutral,no,yes,0
2091,malaysia,neutral,yes,yes,3
2092,cambodia,neutral,no,yes,1
2093,cambodia,neutral,no,yes,3
2094,cambodia,neutral,no,yes,1
2095,cambodia,neutral,no,yes,1
2096,ukraine,neutral,no,yes,0
2097,cambodia,neutral,no,yes,1
2098,malaysia,neutral,no,yes,3
2099,china,neutral,no,yes,2
2100,china,neutral,yes,yes,0
2101,ukraine,neutral,yes,yes,0
2102,china,neutral,no,yes,2
2103,china,neutral,no,yes,3
2104,china,neutral,no,yes,2
2105,china,neutral,no,yes,2
2106,china,neutral,no,yes,1
2107,china,neutral,no,yes,2
2108,china,neutral,no,yes,2
2109,china,neutral,no,yes,2
2110,ukraine,neutral,no,yes,1
2111,ukraine,neutral,no,yes,2
2112,ukraine,neutral,yes,yes,0
2113,south_korea,neutral,no,yes,2
2114,indonesia,neutral,yes,yes,2
2115,myanmar,neutral,no,yes,0
2116,myanmar,neutral,no,yes,3
2117,ukraine,neutral,no,yes,2
2118,malaysia,neutral,no,yes,2
2119,singapore,neutral,no,yes,0
2120,singapore,neutral,no,yes,0
2121,mexico,neutral,no,yes,2
2122,south_korea,neutral,yes,yes,1
2123,south_korea,neutral,yes,yes,2
2124,south_korea,neutral,no,yes,2
2125,south_korea,neutral,no,yes,0
2126,south_korea,neutral,no,yes,2
2127,south_korea,neutral,no,yes,2
2128,south_korea,neutral,no,yes,1
2129,south_korea,neutral,no,yes,1
2130,mexico,neutral,yes,yes,0
2131,malaysia,neutral,no,yes,1
2132,mexico,neutral,no,yes,2
2133,indonesia,neutral,no,yes,2
2134,malaysia,neutral,no,yes,2
2135,malaysia,neutral,no,yes,3
2136,indonesia,neutral,no,yes,0
2137,malaysia,neutral,yes,yes,2
2138,singapore,neutral,no,yes,2
2139,saudi_arabia,neutral,no,yes,3
2140,venezuela,neutral,yes,yes,1
2141,malaysia,neutral,no,yes,2
2142,malaysia,neutral,yes,yes,3
2143,mexico,neutral,yes,yes,3
2144,saudi_arabia,neutral,no,yes,2
2145,mexico,neutral,no,yes,0
2146,mexico,neutral,yes,yes,1
2147,mexico,neutral,no,yes,1
2148,mexico,neutral,yes,yes,2
2149,mexico,neutral,no,yes,2
2150,myanmar,neutral,no,yes,3
2151,myanmar,neutral,yes,yes,0
2152,mexico,neutral,no,yes,2
2153,myanmar,neutral,no,yes,1
2154,myanmar,neutral,no,yes,3
2155,indonesia,neutral,no,yes,1
2156,indonesia,neutral,no,yes,2
2157,indonesia,neutral,no,yes,3
2158,indonesia,neutral,no,yes,2
2159,indonesia,neutral,no,yes,1
2160,singapore,neutral,yes,yes,0
2161,saudi_arabia,neutral,no,yes,0
2162,singapore,neutral,no,yes,3
2163,venezuela,neutral,no,yes,3
2164,venezuela,neutral,yes,yes,2
2165,venezuela,neutral,no,yes,2
2166,venezuela,neutral,no,yes,2
2167,venezuela,neutral,no,yes,3
2168,venezuela,neutral,yes,yes,3
2169,venezuela,neutral,yes,yes,3
2170,venezuela,neutral,no,yes,1
2171,venezuela,neutral,yes,yes,3
2172,romania,neutral,yes,yes,1
2173,myanmar,neutral,no,yes,3
2174,myanmar,neutral,yes,yes,1
2175,romania,neutral,no,yes,1
2176,myanmar,neutral,no,yes,2
2177,myanmar,neutral,no,yes,2
2178,myanmar,neutral,no,yes,2
2179,saudi_arabia,neutral,no,yes,2
2180,russia,neutral,no,yes,1
2181,russia,neutral,no,yes,1
2182,saudi_arabia,neutral,no,yes,2
2183,saudi_arabia,neutral,no,yes,0
2184,myanmar,neutral,no,yes,1
2185,myanmar,neutral,no,yes,2
2186,myanmar,neutral,no,yes,2
2187,myanmar,neutral,no,yes,3
2188,germany,neutral,no,yes,0
2189,saudi_arabia,neutral,no,yes,2
2190,germany,neutral,no,yes,1
2191,romania,neutral,yes,yes,1
2192,singapore,neutral,no,yes,3
2193,lebanon,neutral,yes,yes,0
2194,singapore,neutral,no,yes,1
2195,russia,neutral,yes,yes,1
2196,lebanon,neutral,no,yes,2
2197,saudi_arabia,neutral,no,yes,3
2198,saudi_arabia,neutral,no,yes,1
2199,saudi_arabia,neutral,no,yes,2
2200,russia,neutral,no,yes,1
2201,russia,neutral,no,yes,0
2202,russia,neutral,yes,yes,2
2203,saudi_arabia,neutral,no,yes,3
2204,russia,neutral,yes,yes,0
2205,germany,neutral,no,yes,3
2206,germany,neutral,yes,yes,2
2207,germany,neutral,no,yes,1
2208,saudi_arabia,neutral,no,yes,2
2209,saudi_arabia,neutral,no,yes,2
2210,germany,neutral,no,yes,2
2211,saudi_arabia,neutral,no,yes,1
2212,romania,neutral,yes,yes,3
2213,romania,neutral,yes,yes,1
2214,romania,neutral,yes,yes,3
2215,germany,neutral,no,yes,1
2216,romania,neutral,no,yes,1
2217,türkiye,neutral,no,yes,2
2218,germany,neutral,yes,yes,3
2219,romania,neutral,yes,yes,3
2220,romania,neutral,yes,yes,1
2221,romania,neutral,no,yes,2
2222,united_states_of_america,neutral,no,yes,0
2223,romania,neutral,no,yes,2
2224,afghanistan,neutral,yes,yes,1
2225,croatia,neutral,no,yes,1
2226,hong_kong,neutral,no,yes,2
2227,russia,neutral,no,yes,2
2228,lebanon,neutral,no,yes,2
2229,united_kingdom,neutral,yes,yes,2
2230,russia,neutral,no,yes,3
2231,russia,neutral,no,yes,1
2232,north_macedonia,neutral,no,yes,2
2233,russia,neutral,no,yes,3
2234,north_macedonia,neutral,no,yes,2
2235,russia,neutral,no,yes,2
2236,north_macedonia,neutral,no,yes,1
2237,cyprus,neutral,no,yes,1
2238,türkiye,neutral,no,yes,0
2239,germany,neutral,no,yes,2
2240,germany,neutral,no,yes,3
2241,türkiye,neutral,no,yes,2
2242,türkiye,neutral,no,yes,0
2243,germany,neutral,yes,yes,2
2244,croatia,neutral,no,yes,2
2245,united_states_of_america,neutral,no,yes,1
2246,united_states_of_america,neutral,yes,yes,2
2247,united_states_of_america,neutral,no,yes,2
2248,germany,neutral,no,yes,0
2249,united_states_of_america,neutral,no,yes,2
2250,germany,neutral,no,yes,0
2251,lebanon,neutral,yes,yes,2
2252,canada,neutral,no,yes,3
2253,lebanon,neutral,no,yes,1
2254,hong_kong,neutral,no,yes,2
2255,lebanon,neutral,no,yes,1
2256,afghanistan,neutral,no,yes,2
2257,lebanon,neutral,no,yes,1
2258,lebanon,neutral,no,yes,0
2259,afghanistan,neutral,yes,yes,1
2260,north_macedonia,neutral,no,yes,2
2261,north_macedonia,neutral,no,yes,2
2262,north_macedonia,neutral,no,yes,1
2263,north_macedonia,neutral,no,yes,0
2264,north_macedonia,neutral,no,yes,1
2265,north_macedonia,neutral,yes,yes,1
2266,united_kingdom,neutral,yes,yes,2
2267,north_macedonia,neutral,no,yes,1
2268,cyprus,neutral,no,yes,0
2269,north_macedonia,neutral,no,yes,3
2270,canada,neutral,yes,yes,2
2271,united_kingdom,neutral,yes,yes,2
2272,türkiye,neutral,no,yes,1
2273,türkiye,neutral,no,yes,2
2274,türkiye,neutral,yes,yes,3
2275,türkiye,neutral,no,yes,3
2276,india,neutral,yes,yes,2
2277,india,neutral,yes,yes,1
2278,india,neutral,yes,yes,1
2279,croatia,neutral,no,yes,0
2280,türkiye,neutral,no,yes,2
2281,türkiye,neutral,no,yes,1
2282,türkiye,neutral,yes,yes,2
2283,papua_new_guinea,neutral,no,yes,0
2284,croatia,neutral,no,yes,0
2285,croatia,neutral,no,yes,1
2286,united_states_of_america,neutral,yes,yes,2
2287,croatia,neutral,neutral,yes,1
2288,united_states_of_america,neutral,no,yes,1
2289,united_states_of_america,neutral,no,yes,2
2290,croatia,neutral,no,yes,3
2291,united_states_of_america,neutral,yes,yes,2
2292,united_states_of_america,neutral,yes,yes,2
2293,united_states_of_america,neutral,no,yes,0
2294,united_states_of_america,neutral,yes,yes,1
2295,hong_kong,neutral,yes,yes,2
2296,afghanistan,neutral,no,yes,2
2297,afghanistan,neutral,no,yes,1
2298,afghanistan,neutral,yes,yes,1
2299,hong_kong,neutral,no,yes,0
2300,afghanistan,neutral,no,yes,1
2301,papua_new_guinea,neutral,yes,yes,2
2302,afghanistan,neutral,no,yes,2
2303,afghanistan,neutral,no,yes,0
2304,afghanistan,neutral,yes,yes,2
2305,afghanistan,neutral,no,yes,2
2306,vietnam,neutral,yes,yes,0
2307,united_kingdom,neutral,yes,yes,2
2308,hong_kong,neutral,yes,yes,3
2309,united_kingdom,neutral,no,yes,2
2310,united_kingdom,neutral,no,yes,2
2311,united_kingdom,neutral,yes,yes,0
2312,united_kingdom,neutral,no,yes,2
2313,united_kingdom,neutral,no,yes,0
2314,cyprus,neutral,yes,yes,0
2315,india,neutral,yes,yes,1
2316,india,neutral,no,yes,2
2317,india,neutral,yes,yes,2
2318,cyprus,neutral,no,yes,1
2319,india,neutral,no,yes,1
2320,india,neutral,no,yes,2
2321,india,neutral,no,yes,2
2322,croatia,neutral,no,yes,1
2323,cyprus,neutral,no,yes,0
2324,cyprus,neutral,no,yes,3
2325,canada,neutral,no,yes,2
2326,chile,neutral,no,yes,1
2327,papua_new_guinea,neutral,no,yes,2
2328,spain,neutral,no,yes,1
2329,spain,neutral,no,yes,2
2330,croatia,neutral,no,yes,1
2331,croatia,neutral,no,yes,2
2332,croatia,neutral,yes,yes,2
2333,hong_kong,neutral,no,yes,2
2334,hong_kong,neutral,neutral,yes,0
2335,hong_kong,neutral,no,yes,2
2336,papua_new_guinea,neutral,yes,yes,2
2337,hong_kong,neutral,no,yes,1
2338,hong_kong,neutral,no,yes,1
2339,hong_kong,neutral,yes,yes,0
2340,papua_new_guinea,neutral,no,yes,2
2341,papua_new_guinea,neutral,no,yes,2
2342,spain,neutral,no,yes,2
2343,cyprus,neutral,yes,yes,3
2344,cyprus,neutral,no,yes,2
2345,south_sudan,neutral,yes,yes,2
2346,cyprus,neutral,yes,yes,0
2347,ethiopia,neutral,no,yes,2
2348,zimbabwe,neutral,yes,yes,2
2349,chile,neutral,no,yes,2
2350,spain,neutral,no,yes,2
2351,cyprus,neutral,yes,yes,0
2352,cyprus,neutral,no,yes,2
2353,spain,neutral,yes,yes,2
2354,south_sudan,neutral,yes,yes,2
2355,canada,neutral,no,yes,0
2356,canada,neutral,no,yes,3
2357,spain,neutral,no,yes,0
2358,spain,neutral,no,yes,2
2359,spain,neutral,no,yes,1
2360,ethiopia,neutral,yes,yes,3
2361,canada,neutral,yes,yes,1
2362,canada,neutral,no,yes,1
2363,canada,neutral,no,yes,0
2364,papua_new_guinea,neutral,no,yes,3
2365,papua_new_guinea,neutral,no,yes,1
2366,papua_new_guinea,neutral,no,yes,1
2367,ethiopia,neutral,no,yes,3
2368,iraq,neutral,yes,yes,2
2369,iraq,neutral,yes,yes,2
2370,iraq,neutral,yes,yes,2
2371,papua_new_guinea,neutral,no,yes,2
2372,iraq,neutral,no,yes,1
2373,iraq,neutral,yes,yes,1
2374,vietnam,neutral,no,yes,3
2375,vietnam,neutral,no,yes,1
2376,vietnam,neutral,no,yes,0
2377,vietnam,neutral,no,yes,3
2378,vietnam,neutral,yes,yes,2
2379,vietnam,neutral,yes,yes,1
2380,hungary,neutral,yes,yes,1
2381,vietnam,neutral,no,yes,2
2382,vietnam,neutral,no,yes,0
2383,vietnam,neutral,no,yes,0
2384,vietnam,neutral,no,yes,2
2385,vietnam,neutral,yes,yes,2
2386,chile,neutral,yes,yes,1
2387,chile,neutral,yes,yes,0
2388,chile,neutral,no,yes,1
2389,zimbabwe,neutral,yes,yes,1
2390,zimbabwe,neutral,no,yes,1
2391,chile,neutral,no,yes,1
2392,chile,neutral,no,yes,0
2393,chile,neutral,no,yes,2
2394,chile,neutral,no,yes,2
2395,chile,neutral,yes,yes,2
2396,chile,neutral,yes,yes,3
2397,egypt,neutral,no,yes,3
2398,zimbabwe,neutral,yes,yes,2
2399,spain,neutral,no,yes,2
2400,spain,neutral,yes,yes,3
2401,australia,neutral,no,yes,1
2402,australia,neutral,no,yes,1
2403,sweden,neutral,yes,yes,0
2404,sweden,neutral,no,yes,2
2405,sweden,neutral,no,yes,2
2406,israel,neutral,no,yes,1
2407,sweden,neutral,no,yes,3
2408,sweden,neutral,yes,yes,0
2409,iraq,neutral,no,yes,3
2410,iraq,neutral,no,yes,3
2411,egypt,neutral,no,yes,2
2412,iraq,neutral,no,yes,3
2413,iraq,neutral,no,yes,0
2414,south_sudan,neutral,yes,yes,3
2415,laos,neutral,no,yes,2
2416,greece,neutral,no,yes,0
2417,iraq,neutral,no,yes,2
2418,egypt,neutral,no,yes,2
2419,greece,neutral,no,yes,0
2420,greece,neutral,yes,yes,2
2421,zimbabwe,neutral,no,yes,1
2422,hungary,neutral,yes,yes,0
2423,zimbabwe,neutral,yes,yes,3
2424,israel,neutral,no,yes,2
2425,ethiopia,neutral,no,yes,2
2426,ethiopia,neutral,no,yes,2
2427,zimbabwe,neutral,yes,yes,2
2428,zimbabwe,neutral,no,yes,3
2429,zimbabwe,neutral,no,yes,3
2430,zimbabwe,neutral,no,yes,0
2431,australia,neutral,yes,yes,2
2432,australia,neutral,yes,yes,1
2433,australia,neutral,no,yes,2
2434,australia,neutral,yes,yes,1
2435,ethiopia,neutral,yes,yes,3
2436,hungary,neutral,no,yes,2
2437,hungary,neutral,yes,yes,1
2438,australia,neutral,no,yes,3
2439,australia,neutral,no,yes,1
2440,hungary,neutral,no,yes,1
2441,hungary,neutral,no,yes,2
2442,israel,neutral,yes,yes,0
2443,sweden,neutral,yes,yes,3
2444,sweden,neutral,yes,yes,3
2445,sweden,neutral,yes,yes,3
2446,italy,neutral,yes,yes,3
2447,sweden,neutral,no,yes,1
2448,italy,neutral,yes,yes,2
2449,thailand,neutral,no,yes,1
2450,sweden,neutral,yes,yes,3
2451,italy,neutral,no,yes,1
2452,italy,neutral,yes,yes,1
2453,south_sudan,neutral,no,yes,2
2454,south_sudan,neutral,no,yes,1
2455,south_sudan,neutral,yes,yes,2
2456,italy,neutral,no,yes,1
2457,south_sudan,neutral,no,yes,2
2458,south_sudan,neutral,no,yes,2
2459,italy,neutral,no,yes,3
2460,south_sudan,neutral,yes,yes,1
2461,greece,neutral,yes,yes,2
2462,greece,neutral,no,yes,3
2463,greece,neutral,no,yes,1
2464,taiwan,neutral,no,yes,2
2465,taiwan,neutral,yes,yes,1
2466,egypt,neutral,no,yes,1
2467,thailand,neutral,no,yes,1
2468,greece,neutral,no,yes,2
2469,greece,neutral,yes,yes,3
2470,greece,neutral,no,yes,1
2471,greece,neutral,no,yes,1
2472,ethiopia,neutral,no,yes,1
2473,ethiopia,neutral,no,yes,1
2474,ethiopia,neutral,no,yes,3
2475,thailand,neutral,no,yes,2
2476,new_zealand,neutral,no,yes,0
2477,new_zealand,neutral,yes,yes,2
2478,ethiopia,neutral,yes,yes,1
2479,ethiopia,neutral,yes,yes,0
2480,ethiopia,neutral,yes,yes,2
2481,ethiopia,neutral,no,yes,0
2482,ethiopia,neutral,yes,yes,0
2483,sudan,neutral,no,yes,2
2484,argentina,neutral,no,yes,1
2485,argentina,neutral,no,yes,0
2486,ethiopia,neutral,no,yes,1
2487,argentina,neutral,yes,yes,2
2488,mauritius,neutral,no,yes,2
2489,portugal,neutral,no,yes,3
2490,hungary,neutral,no,yes,1
2491,hungary,neutral,no,yes,0
2492,hungary,neutral,yes,yes,3
2493,hungary,neutral,yes,yes,2
2494,hungary,neutral,no,yes,3
2495,hungary,neutral,yes,yes,2
2496,laos,neutral,no,yes,2
2497,laos,neutral,no,yes,0
2498,laos,neutral,no,yes,3
2499,portugal,neutral,yes,yes,0
2500,portugal,neutral,no,yes,3
2501,italy,neutral,no,yes,1
2502,italy,neutral,no,yes,3
2503,italy,neutral,no,yes,3
2504,israel,neutral,no,yes,1
2505,portugal,neutral,no,yes,1
2506,italy,neutral,no,yes,2
2507,thailand,neutral,yes,yes,0
2508,thailand,neutral,yes,yes,1
2509,italy,neutral,no,yes,3
2510,taiwan,neutral,no,yes,2
2511,taiwan,neutral,no,yes,2
2512,taiwan,neutral,no,yes,2
2513,taiwan,neutral,no,yes,1
2514,taiwan,neutral,no,yes,2
2515,taiwan,neutral,no,yes,3
2516,thailand,neutral,no,yes,0
2517,taiwan,neutral,no,yes,0
2518,israel,neutral,yes,yes,1
2519,thailand,neutral,no,yes,2
2520,egypt,neutral,yes,yes,1
2521,egypt,neutral,yes,yes,2
2522,thailand,neutral,yes,yes,0
2523,thailand,neutral,yes,yes,1
2524,sudan,neutral,no,yes,2
2525,egypt,neutral,no,yes,1
2526,egypt,neutral,no,yes,2
2527,egypt,neutral,no,yes,0
2528,egypt,neutral,no,yes,1
2529,egypt,neutral,no,yes,3
2530,new_zealand,neutral,yes,yes,2
2531,new_zealand,neutral,no,yes,0
2532,new_zealand,neutral,no,yes,2
2533,new_zealand,neutral,no,yes,3
2534,new_zealand,neutral,yes,yes,2
2535,new_zealand,neutral,no,yes,2
2536,new_zealand,neutral,yes,yes,2
2537,new_zealand,neutral,yes,yes,1
2538,sudan,neutral,no,yes,1
2539,serbia,neutral,no,yes,1
2540,new_zealand,neutral,yes,yes,3
2541,new_zealand,neutral,no,yes,3
2542,palestinian_territories,neutral,no,yes,2
2543,palestinian_territories,neutral,yes,yes,1
2544,palestinian_territories,neutral,yes,yes,1
2545,serbia,neutral,no,yes,0
2546,palestinian_territories,neutral,no,yes,2
2547,palestinian_territories,neutral,no,yes,1
2548,argentina,neutral,yes,yes,1
2549,mauritius,neutral,yes,yes,0
2550,mauritius,neutral,no,yes,1
2551,argentina,neutral,no,yes,1
2552,argentina,neutral,no,yes,2
2553,argentina,neutral,no,yes,1
2554,argentina,neutral,no,yes,1
2555,argentina,neutral,yes,yes,2
2556,thailand,neutral,yes,yes,0
2557,laos,neutral,no,yes,1
2558,laos,neutral,no,yes,0
2559,laos,neutral,yes,yes,0
2560,sudan,neutral,no,yes,1
2561,laos,neutral,no,yes,1
2562,portugal,neutral,yes,yes,2
2563,portugal,neutral,no,yes,3
2564,serbia,neutral,no,yes,2
2565,laos,neutral,no,yes,2
2566,sudan,neutral,no,yes,1
2567,portugal,neutral,yes,yes,0
2568,serbia,neutral,yes,yes,2
2569,mauritius,neutral,no,yes,2
2570,israel,neutral,no,yes,2
2571,mauritius,neutral,no,yes,2
2572,israel,neutral,yes,yes,2
2573,israel,neutral,no,yes,2
2574,israel,neutral,no,yes,0
2575,israel,neutral,yes,yes,2
2576,israel,neutral,no,yes,2
2577,israel,neutral,no,yes,1
2578,portugal,neutral,no,yes,1
2579,israel,neutral,no,yes,2
2580,israel,neutral,no,yes,0
2581,israel,neutral,no,yes,2
2582,thailand,neutral,no,yes,2
2583,thailand,neutral,no,yes,1
2584,thailand,neutral,no,yes,2
2585,thailand,neutral,no,yes,2
2586,portugal,neutral,no,yes,3
2587,serbia,neutral,yes,yes,0
2588,thailand,neutral,yes,yes,2
2589,portugal,neutral,no,yes,2
2590,thailand,neutral,no,yes,2
2591,portugal,neutral,no,yes,2
2592,sudan,neutral,no,yes,1
2593,sudan,neutral,no,yes,2
2594,sudan,neutral,no,yes,1
2595,sudan,neutral,yes,yes,1
2596,portugal,neutral,no,yes,2
2597,sudan,neutral,no,yes,2
2598,sudan,neutral,yes,yes,1
2599,sudan,neutral,no,yes,2
2600,sudan,neutral,yes,yes,2
2601,sudan,neutral,no,yes,3
2602,sudan,neutral,no,yes,2
2603,sudan,neutral,no,yes,0
2604,sudan,neutral,no,yes,0
2605,serbia,neutral,yes,yes,2
2606,mauritius,neutral,yes,yes,2
2607,serbia,neutral,yes,yes,3
2608,serbia,neutral,no,yes,2
2609,serbia,neutral,no,yes,1
2610,serbia,neutral,no,yes,0
2611,serbia,neutral,no,yes,0
2612,serbia,neutral,no,yes,2
2613,serbia,neutral,no,yes,1
2614,serbia,neutral,no,yes,2
2615,serbia,neutral,no,yes,1
2616,mauritius,neutral,yes,yes,2
2617,mauritius,neutral,yes,yes,3
2618,mauritius,neutral,no,yes,2
2619,mauritius,neutral,yes,yes,1
2620,mauritius,neutral,no,yes,0
2621,mauritius,neutral,yes,yes,1
2622,mauritius,neutral,yes,yes,2
2623,mauritius,neutral,no,yes,2
2624,mauritius,neutral,no,yes,3
2625,portugal,neutral,no,yes,2
2626,portugal,neutral,no,yes,1
2627,portugal,neutral,no,yes,2
2628,portugal,neutral,no,yes,2
2629,portugal,neutral,yes,yes,2
2630,portugal,neutral,no,yes,2
2631,portugal,neutral,no,yes,1
2632,portugal,neutral,no,yes,0
