row_index,country,gold,initial,final,cluster
0,egypt,yes,yes,no,1
1,egypt,yes,neutral,no,1
2,egypt,yes,yes,no,1
3,egypt,yes,yes,no,2
4,egypt,yes,yes,no,1
5,egypt,yes,yes,no,1
6,egypt,yes,neutral,no,3
7,egypt,yes,yes,no,1
8,egypt,yes,yes,no,1
9,egypt,yes,yes,no,1
10,egypt,yes,yes,no,1
11,egypt,yes,yes,no,2
12,lebanon,yes,yes,no,1
13,lebanon,yes,yes,no,1
14,lebanon,yes,yes,no,1
15,lebanon,yes,yes,no,1
16,lebanon,yes,yes,no,0
17,lebanon,yes,yes,no,1
18,lebanon,yes,yes,no,1
19,lebanon,yes,yes,no,1
20,lebanon,yes,yes,no,1
21,zimbabwe,yes,yes,no,1
22,zimbabwe,yes,yes,no,1
23,zimbabwe,yes,yes,no,0
24,zimbabwe,yes,yes,no,1
25,zimbabwe,yes,yes,no,1
26,zimbabwe,yes,yes,no,1
27,zimbabwe,yes,yes,no,1
28,zimbabwe,yes,yes,no,1
29,zimbabwe,yes,yes,no,1
30,zimbabwe,yes,yes,no,1
31,zimbabwe,yes,yes,no,1
32,zimbabwe,yes,yes,no,1
33,philippines,yes,no,no,3
34,philippines,yes,yes,no,1
35,philippines,yes,yes,no,1
36,philippines,yes,yes,no,1
37,philippines,yes,yes,no,3
38,philippines,yes,yes,no,1
39,philippines,yes,yes,no,1
40,philippines,yes,yes,no,1
41,philippines,yes,yes,no,1
42,philippines,yes,neutral,no,3
43,philippines,yes,yes,no,1
44,philippines,yes,yes,no,1
45,sudan,yes,yes,no,1
46,sudan,yes,yes,no,1
47,sudan,yes,yes,no,1
48,sudan,yes,neutral,no,2
49,sudan,yes,no,no,3
50,sudan,yes,neutral,no,2
51,sudan,yes,no,no,2
52,sudan,yes,yes,no,1
53,sudan,yes,neutral,no,3
54,sudan,yes,yes,no,2
55,sudan,yes,neutral,no,3
56,sudan,yes,yes,no,0
57,sudan,yes,yes,no,1
58,sudan,yes,neutral,no,1
59,sudan,yes,neutral,no,2
60,spain,yes,yes,no,0
61,spain,yes,yes,no,1
62,spain,yes,yes,no,0
63,spain,yes,yes,no,1
64,spain,yes,yes,no,1
65,spain,yes,yes,no,0
66,spain,yes,yes,no,1
67,spain,yes,yes,no,0
68,spain,yes,yes,no,0
69,spain,yes,yes,no,1
70,spain,yes,yes,no,0
71,spain,yes,yes,no,1
72,tonga,yes,neutral,no,3
73,tonga,yes,neutral,no,3
74,tonga,yes,neutral,no,3
75,tonga,yes,yes,no,1
76,tonga,yes,neutral,no,3
77,tonga,yes,yes,no,1
78,tonga,yes,neutral,no,3
79,tonga,yes,yes,no,1
80,tonga,yes,neutral,no,3
81,tonga,yes,neutral,no,0
82,tonga,yes,yes,no,1
83,tonga,yes,yes,no,1
84,hong_kong,yes,yes,no,1
85,hong_kong,yes,yes,no,1
86,hong_kong,yes,yes,no,2
87,hong_kong,yes,yes,no,1
88,hong_kong,yes,yes,no,0
89,hong_kong,yes,neutral,no,3
90,hong_kong,yes,yes,no,1
91,hong_kong,yes,yes,no,1
92,hong_kong,yes,yes,no,1
93,hong_kong,yes,neutral,no,0
94,hong_kong,yes,yes,no,1
95,hong_kong,yes,no,no,0
96,colombia,yes,yes,no,1
97,colombia,yes,yes,no,1
98,colombia,yes,yes,no,1
99,colombia,yes,yes,no,1
100,colombia,yes,yes,no,1
101,colombia,yes,no,no,2
102,colombia,yes,yes,no,1
103,colombia,yes,neutral,no,2
104,colombia,yes,yes,no,2
105,colombia,yes,yes,no,1
106,colombia,yes,yes,no,0
107,colombia,yes,yes,no,1
108,vietnam,yes,yes,no,1
109,vietnam,yes,yes,no,1
110,vietnam,yes,yes,no,1
111,vietnam,yes,yes,no,1
112,vietnam,yes,yes,no,2
113,vietnam,yes,neutral,no,2
114,vietnam,yes,yes,no,1
115,vietnam,yes,neutral,no,2
116,vietnam,yes,yes,no,1
117,vietnam,yes,yes,no,1
118,vietnam,yes,yes,no,1
119,vietnam,yes,neutral,no,3
120,north_macedonia,yes,neutral,no,3
121,north_macedonia,yes,neutral,no,2
122,north_macedonia,yes,yes,no,1
123,north_macedonia,yes,yes,no,1
124,north_macedonia,yes,yes,no,2
125,north_macedonia,yes,yes,no,0
126,north_macedonia,yes,yes,no,1
127,north_macedonia,yes,yes,no,1
128,north_macedonia,yes,yes,no,1
129,north_macedonia,yes,yes,no,1
130,north_macedonia,yes,neutral,no,2
131,italy,yes,yes,no,1
132,italy,yes,yes,no,1
133,italy,yes,yes,no,1
134,italy,yes,yes,no,1
135,italy,yes,yes,no,2
136,italy,yes,yes,no,1
137,italy,yes,yes,no,1
138,italy,yes,yes,no,2
139,italy,yes,yes,no,1
140,italy,yes,yes,no,2
141,italy,yes,yes,no,3
142,italy,yes,yes,no,1
143,canada,yes,neutral,no,3
144,canada,yes,yes,no,1
145,canada,yes,yes,no,2
146,canada,yes,yes,no,1
147,canada,yes,neutral,no,3
148,canada,yes,neutral,no,3
149,canada,yes,yes,no,1
150,canada,yes,yes,no,1
151,canada,yes,yes,no,1
152,canada,yes,neutral,no,3
153,canada,yes,yes,no,1
154,canada,yes,yes,no,1
155,iraq,yes,yes,no,0
156,iraq,yes,yes,no,1
157,iraq,yes,neutral,no,3
158,iraq,yes,yes,no,0
159,iraq,yes,neutral,no,2
160,iraq,yes,yes,no,1
161,iraq,yes,neutral,no,3
162,iraq,yes,neutral,no,2
163,iraq,yes,neutral,no,2
164,iraq,yes,neutral,no,2
165,iraq,yes,yes,no,2
166,iraq,yes,no,no,3
167,united_kingdom,yes,yes,no,1
168,united_kingdom,yes,yes,no,1
169,united_kingdom,yes,yes,no,1
170,united_kingdom,yes,yes,no,1
171,united_kingdom,no,no,no,2
172,united_kingdom,yes,yes,no,0
173,united_kingdom,yes,yes,no,1
174,united_kingdom,yes,yes,no,1
175,united_kingdom,yes,yes,yes,2
176,singapore,yes,yes,no,2
177,singapore,yes,neutral,no,3
178,singapore,yes,yes,no,1
179,singapore,yes,yes,no,3
180,singapore,yes,yes,no,1
181,singapore,yes,yes,no,0
182,singapore,yes,yes,no,1
183,singapore,yes,yes,no,1
184,singapore,yes,yes,no,1
185,singapore,yes,yes,no,1
186,singapore,yes,neutral,no,2
187,singapore,yes,yes,no,1
188,timor-leste,no,neutral,no,2
189,timor-leste,yes,neutral,no,0
190,timor-leste,yes,neutral,no,2
191,timor-leste,yes,neutral,no,3
192,timor-leste,yes,yes,no,2
193,timor-leste,yes,yes,no,1
194,timor-leste,yes,yes,no,1
195,timor-leste,yes,yes,no,3
196,timor-leste,yes,neutral,no,2
197,timor-leste,yes,yes,no,1
198,timor-leste,yes,yes,no,1
199,timor-leste,yes,yes,no,1
200,poland,yes,yes,no,1
201,poland,yes,yes,no,1
202,poland,yes,yes,no,1
203,poland,yes,yes,no,1
204,poland,yes,yes,no,1
205,poland,yes,yes,no,1
206,poland,yes,yes,no,1
207,poland,yes,yes,no,0
208,poland,yes,yes,no,1
209,poland,yes,neutral,no,0
210,poland,yes,neutral,no,2
211,poland,yes,no,no,2
212,pakistan,yes,neutral,no,2
213,pakistan,yes,no,no,3
214,pakistan,yes,no,no,3
215,pakistan,yes,yes,no,1
216,pakistan,yes,yes,no,1
217,pakistan,yes,yes,no,1
218,pakistan,yes,yes,no,2
219,pakistan,yes,neutral,no,1
220,pakistan,yes,yes,no,2
221,pakistan,yes,yes,no,1
222,pakistan,yes,yes,no,1
223,pakistan,yes,yes,no,1
224,mexico,yes,yes,no,1
225,mexico,yes,yes,no,1
226,mexico,yes,yes,no,1
227,mexico,yes,yes,no,1
228,mexico,yes,yes,no,1
229,mexico,yes,neutral,no,3
230,mexico,yes,neutral,no,0
231,mexico,yes,yes,no,2
232,mexico,yes,yes,no,0
233,mexico,yes,neutral,no,3
234,mexico,yes,yes,no,1
235,mexico,yes,yes,no,1
236,argentina,yes,yes,no,1
237,argentina,yes,yes,no,1
238,argentina,yes,yes,no,1
239,argentina,yes,yes,no,1
240,argentina,yes,yes,no,1
241,argentina,yes,yes,no,1
242,argentina,yes,yes,no,1
243,argentina,yes,yes,no,1
244,argentina,yes,yes,no,1
245,argentina,yes,yes,no,1
246,argentina,yes,yes,no,1
247,argentina,yes,neutral,no,3
248,taiwan,yes,yes,no,1
249,taiwan,yes,yes,no,1
250,taiwan,yes,yes,no,1
251,taiwan,yes,yes,no,0
252,taiwan,yes,yes,no,1
253,taiwan,yes,yes,no,1
254,taiwan,yes,yes,no,1
255,taiwan,yes,yes,no,1
256,taiwan,yes,yes,no,1
257,taiwan,yes,yes,no,0
258,taiwan,yes,yes,no,1
259,taiwan,yes,yes,no,0
260,somalia,yes,yes,no,1
261,somalia,yes,yes,no,1
262,somalia,yes,neutral,no,3
263,somalia,yes,neutral,no,3
264,somalia,yes,neutral,no,0
265,somalia,yes,neutral,no,2
266,somalia,yes,yes,no,1
267,somalia,yes,neutral,no,2
268,somalia,yes,yes,no,1
269,somalia,yes,yes,no,0
270,somalia,yes,neutral,no,3
271,somalia,yes,yes,no,0
272,somalia,yes,yes,no,0
273,somalia,yes,neutral,no,2
274,somalia,yes,neutral,no,3
275,serbia,yes,neutral,no,3
276,serbia,yes,yes,no,1
277,serbia,yes,yes,no,1
278,serbia,yes,yes,no,1
279,serbia,yes,yes,no,1
280,serbia,yes,yes,no,1
281,serbia,yes,yes,no,1
282,serbia,yes,yes,no,0
283,serbia,yes,neutral,no,0
284,serbia,yes,yes,no,3
285,serbia,yes,yes,no,1
286,serbia,yes,yes,no,1
287,sweden,yes,neutral,no,3
288,sweden,yes,yes,no,1
289,sweden,yes,neutral,no,2
290,sweden,yes,yes,no,1
291,sweden,yes,neutral,no,3
292,sweden,yes,yes,no,0
293,sweden,yes,yes,no,0
294,sweden,yes,yes,no,1
295,sweden,yes,neutral,no,0
296,sweden,yes,yes,no,0
297,sweden,yes,yes,no,1
298,sweden,yes,yes,no,1
299,south_korea,yes,yes,no,1
300,south_korea,yes,yes,no,1
301,south_korea,yes,yes,no,2
302,south_korea,yes,yes,no,0
303,south_korea,yes,yes,no,1
304,south_korea,yes,yes,no,1
305,south_korea,yes,yes,no,2
306,south_korea,yes,yes,no,1
307,south_korea,yes,neutral,no,2
308,myanmar,yes,yes,no,0
309,myanmar,yes,neutral,no,2
310,myanmar,yes,yes,no,1
311,myanmar,yes,yes,no,1
312,myanmar,yes,yes,no,1
313,myanmar,yes,yes,no,1
314,myanmar,yes,neutral,no,2
315,myanmar,yes,yes,no,1
316,myanmar,yes,neutral,no,3
317,myanmar,yes,yes,no,1
318,myanmar,yes,yes,no,1
319,myanmar,yes,neutral,no,2
320,myanmar,yes,yes,no,0
321,myanmar,yes,neutral,no,2
322,myanmar,yes,neutral,no,0
323,malta,yes,neutral,no,3
324,malta,yes,yes,no,1
325,malta,yes,yes,no,1
326,malta,yes,yes,no,1
327,malta,yes,yes,no,1
328,malta,yes,yes,no,1
329,malta,yes,yes,no,2
330,malta,yes,yes,no,1
331,malta,yes,neutral,no,3
332,malta,yes,neutral,no,3
333,malta,yes,yes,no,1
334,malta,yes,yes,no,1
335,china,yes,yes,no,1
336,china,yes,yes,no,1
337,china,yes,yes,no,1
338,china,yes,neutral,no,2
339,china,yes,yes,no,1
340,china,yes,neutral,no,2
341,china,yes,yes,no,1
342,china,yes,yes,no,2
343,china,yes,yes,no,2
344,china,yes,yes,no,1
345,china,yes,yes,no,1
346,china,yes,yes,no,1
347,germany,yes,yes,no,1
348,germany,yes,yes,no,1
349,germany,yes,yes,no,1
350,germany,yes,yes,no,1
351,germany,yes,yes,no,1
352,germany,yes,yes,no,1
353,germany,yes,yes,no,0
354,germany,yes,yes,no,0
355,germany,yes,neutral,no,3
356,germany,yes,yes,no,2
357,germany,yes,yes,no,1
358,germany,yes,yes,no,1
359,germany,yes,neutral,no,3
360,germany,yes,neutral,no,3
361,germany,yes,neutral,no,3
362,ukraine,yes,yes,no,1
363,ukraine,yes,yes,no,0
364,ukraine,yes,neutral,no,3
365,ukraine,yes,yes,no,1
366,ukraine,yes,yes,no,0
367,ukraine,yes,yes,no,1
368,ukraine,yes,yes,no,1
369,ukraine,yes,neutral,no,2
370,ukraine,yes,yes,no,0
371,ukraine,yes,yes,no,1
372,ukraine,yes,yes,no,1
373,ukraine,yes,yes,no,2
374,ukraine,yes,neutral,no,3
375,ukraine,yes,yes,no,0
376,ukraine,yes,yes,no,1
377,romania,yes,yes,no,1
378,romania,yes,yes,no,1
379,romania,yes,yes,no,1
380,romania,yes,yes,no,1
381,romania,yes,no,no,1
382,romania,yes,yes,no,1
383,romania,yes,yes,no,1
384,romania,yes,yes,no,1
385,romania,yes,yes,no,1
386,romania,yes,yes,no,1
387,romania,yes,yes,no,1
388,romania,yes,yes,no,2
389,russia,yes,yes,no,1
390,russia,yes,yes,no,1
391,russia,yes,yes,no,1
392,russia,yes,yes,no,1
393,russia,yes,yes,no,1
394,russia,yes,neutral,no,1
395,russia,yes,yes,no,1
396,russia,yes,yes,no,1
397,russia,yes,yes,no,1
398,russia,yes,no,no,2
399,russia,yes,yes,no,3
400,russia,yes,yes,no,1
401,nepal,yes,neutral,no,2
402,nepal,yes,yes,no,1
403,nepal,yes,yes,no,1
404,nepal,yes,yes,no,2
405,nepal,yes,yes,no,1
406,nepal,yes,yes,no,1
407,nepal,yes,yes,no,1
408,nepal,yes,yes,no,1
409,nepal,yes,neutral,no,3
410,nepal,yes,yes,no,1
411,nepal,yes,yes,no,1
412,nepal,yes,yes,no,1
413,bangladesh,yes,yes,no,1
414,bangladesh,yes,yes,no,1
415,bangladesh,yes,yes,no,1
416,bangladesh,yes,neutral,no,3
417,bangladesh,yes,neutral,no,3
418,bangladesh,yes,neutral,no,3
419,bangladesh,yes,yes,no,1
420,bangladesh,yes,yes,no,1
421,bangladesh,yes,yes,no,1
422,bangladesh,yes,neutral,no,3
423,bangladesh,yes,no,no,2
424,bangladesh,yes,yes,no,2
425,portugal,yes,yes,no,1
426,portugal,yes,yes,no,1
427,portugal,yes,neutral,no,2
428,portugal,yes,yes,no,1
429,portugal,yes,neutral,no,1
430,portugal,yes,neutral,no,3
431,portugal,yes,yes,no,1
432,portugal,yes,no,no,3
433,portugal,yes,yes,no,1
434,portugal,yes,yes,no,1
435,portugal,yes,yes,no,2
436,portugal,yes,yes,no,1
437,thailand,yes,yes,no,1
438,thailand,yes,yes,no,1
439,thailand,yes,yes,no,1
440,thailand,yes,yes,no,1
441,thailand,yes,yes,no,1
442,thailand,yes,yes,no,1
443,thailand,yes,yes,no,1
444,thailand,yes,yes,no,1
445,thailand,yes,yes,no,2
446,thailand,yes,neutral,no,3
447,thailand,yes,yes,no,1
448,thailand,yes,yes,no,1
449,france,yes,neutral,no,3
450,france,yes,yes,no,1
451,france,yes,no,no,3
452,france,yes,yes,no,1
453,france,yes,yes,no,1
454,france,yes,yes,no,1
455,france,yes,yes,no,0
456,france,yes,yes,no,1
457,france,yes,yes,no,0
458,france,yes,yes,no,0
459,france,yes,yes,no,0
460,france,yes,yes,no,1
461,ireland,yes,neutral,no,3
462,ireland,yes,no,no,2
463,ireland,yes,neutral,no,3
464,ireland,yes,yes,no,1
465,ireland,yes,no,no,2
466,ireland,yes,yes,no,1
467,ireland,yes,yes,no,1
468,ireland,yes,yes,no,2
469,ireland,yes,yes,no,2
470,ireland,yes,yes,no,1
471,ireland,yes,yes,no,1
472,ireland,yes,yes,no,1
473,ireland,yes,yes,no,1
474,ireland,yes,yes,no,0
475,ireland,yes,yes,no,1
476,croatia,yes,yes,no,1
477,croatia,yes,yes,no,1
478,croatia,yes,yes,no,1
479,croatia,yes,yes,no,1
480,croatia,yes,yes,no,1
481,croatia,yes,yes,no,1
482,croatia,yes,yes,no,1
483,croatia,yes,yes,no,1
484,croatia,yes,yes,no,1
485,croatia,yes,yes,no,1
486,croatia,yes,neutral,no,3
487,croatia,yes,yes,no,1
488,mauritius,yes,yes,no,1
489,mauritius,yes,yes,no,1
490,mauritius,yes,yes,no,2
491,mauritius,yes,yes,no,1
492,mauritius,yes,yes,no,1
493,mauritius,yes,yes,no,2
494,mauritius,yes,yes,no,2
495,mauritius,yes,yes,no,1
496,mauritius,yes,neutral,no,3
497,mauritius,yes,neutral,no,3
498,mauritius,yes,neutral,no,3
499,mauritius,yes,neutral,no,3
500,fiji,yes,yes,no,1
501,fiji,yes,yes,no,0
502,fiji,yes,neutral,no,2
503,fiji,yes,yes,no,1
504,fiji,yes,yes,no,0
505,fiji,yes,yes,no,1
506,fiji,yes,neutral,no,3
507,fiji,yes,neutral,no,3
508,fiji,yes,no,no,2
509,austria,yes,neutral,no,3
510,austria,yes,yes,no,1
511,austria,yes,neutral,no,2
512,austria,yes,yes,no,1
513,austria,yes,yes,no,1
514,austria,yes,yes,no,2
515,austria,yes,yes,no,1
516,austria,yes,yes,no,1
517,austria,yes,yes,no,1
518,austria,yes,no,no,3
519,austria,yes,neutral,no,0
520,austria,yes,neutral,no,2
521,brazil,yes,yes,no,3
522,brazil,yes,yes,no,1
523,brazil,yes,neutral,no,3
524,brazil,yes,yes,no,1
525,brazil,yes,yes,no,1
526,brazil,yes,neutral,no,2
527,brazil,yes,yes,no,1
528,brazil,yes,yes,no,2
529,brazil,yes,yes,no,1
530,brazil,yes,yes,no,1
531,brazil,yes,yes,no,3
532,brazil,yes,neutral,no,2
533,south_africa,yes,yes,no,1
534,south_africa,yes,yes,no,1
535,south_africa,yes,yes,no,1
536,south_africa,yes,yes,no,0
537,south_africa,yes,yes,no,1
538,south_africa,yes,yes,no,1
539,south_africa,yes,yes,no,1
540,south_africa,yes,yes,no,2
541,south_africa,yes,yes,no,1
542,south_africa,yes,yes,no,1
543,south_africa,yes,yes,no,1
544,south_africa,yes,neutral,no,3
545,chile,yes,neutral,no,3
546,chile,no,no,no,2
547,chile,yes,neutral,no,3
548,chile,yes,neutral,no,3
549,chile,yes,no,no,3
550,chile,yes,neutral,no,3
551,chile,yes,yes,no,1
552,chile,yes,yes,no,1
553,chile,yes,neutral,no,2
554,chile,yes,neutral,no,3
555,chile,yes,neutral,no,2
556,chile,yes,yes,no,1
557,papua_new_guinea,yes,neutral,no,3
558,papua_new_guinea,yes,yes,no,3
559,papua_new_guinea,yes,neutral,no,2
560,papua_new_guinea,yes,yes,no,1
561,papua_new_guinea,yes,yes,no,1
562,papua_new_guinea,yes,neutral,no,2
563,papua_new_guinea,yes,yes,no,0
564,papua_new_guinea,yes,yes,no,1
565,papua_new_guinea,yes,yes,no,1
566,papua_new_guinea,yes,yes,no,1
567,papua_new_guinea,yes,yes,no,1
568,papua_new_guinea,yes,yes,no,1
569,afghanistan,yes,neutral,no,2
570,afghanistan,yes,neutral,no,3
571,afghanistan,yes,yes,no,1
572,afghanistan,yes,neutral,no,3
573,afghanistan,yes,neutral,no,2
574,afghanistan,yes,no,no,3
575,afghanistan,yes,yes,no,1
576,afghanistan,yes,yes,no,2
577,afghanistan,yes,neutral,no,3
578,afghanistan,yes,neutral,no,3
579,afghanistan,yes,neutral,no,2
580,afghanistan,yes,neutral,no,3
581,afghanistan,yes,neutral,no,1
582,afghanistan,yes,neutral,no,3
583,afghanistan,yes,neutral,no,0
584,japan,yes,neutral,no,2
585,japan,yes,yes,no,1
586,japan,yes,neutral,no,3
587,japan,yes,yes,no,0
588,japan,yes,yes,no,1
589,japan,yes,yes,no,2
590,japan,yes,yes,no,0
591,japan,yes,yes,no,0
592,japan,yes,neutral,no,3
593,japan,yes,yes,no,0
594,japan,yes,yes,no,2
595,japan,yes,yes,no,0
596,australia,yes,no,no,3
597,australia,yes,yes,no,1
598,australia,yes,yes,no,3
599,australia,yes,yes,no,1
600,australia,yes,yes,no,1
601,australia,yes,yes,no,1
602,australia,yes,yes,no,1
603,australia,yes,yes,no,1
604,australia,yes,neutral,no,3
605,netherlands,yes,yes,no,1
606,netherlands,yes,yes,no,1
607,netherlands,yes,yes,no,2
608,netherlands,yes,yes,no,2
609,netherlands,yes,yes,no,1
610,netherlands,yes,yes,no,1
611,netherlands,yes,yes,no,0
612,netherlands,yes,yes,no,1
613,netherlands,yes,yes,no,2
614,netherlands,yes,yes,no,1
615,netherlands,yes,neutral,no,3
616,netherlands,yes,yes,no,1
617,sri_lanka,yes,yes,no,1
618,sri_lanka,yes,yes,no,1
619,sri_lanka,yes,yes,no,3
620,sri_lanka,yes,yes,no,1
621,sri_lanka,yes,yes,no,1
622,sri_lanka,yes,yes,no,1
623,sri_lanka,yes,yes,no,1
624,sri_lanka,yes,yes,no,1
625,sri_lanka,yes,yes,no,1
626,sri_lanka,yes,yes,no,1
627,sri_lanka,yes,yes,no,1
628,sri_lanka,yes,yes,no,1
629,indonesia,yes,yes,no,1
630,indonesia,yes,yes,no,1
631,indonesia,yes,yes,no,1
632,indonesia,yes,neutral,no,2
633,indonesia,yes,neutral,no,3
634,indonesia,yes,yes,no,1
635,indonesia,yes,yes,no,1
636,indonesia,yes,yes,no,1
637,indonesia,yes,yes,no,0
638,malaysia,yes,yes,no,2
639,malaysia,yes,yes,no,1
640,malaysia,yes,yes,no,1
641,malaysia,yes,yes,no,1
642,malaysia,yes,yes,no,1
643,malaysia,yes,yes,no,0
644,malaysia,yes,yes,no,1
645,malaysia,yes,yes,no,2
646,malaysia,yes,yes,no,0
647,malaysia,yes,neutral,no,3
648,malaysia,yes,neutral,no,3
649,malaysia,yes,neutral,no,2
650,ethiopia,yes,yes,no,0
651,ethiopia,yes,yes,no,1
652,ethiopia,yes,neutral,no,2
653,ethiopia,yes,yes,no,1
654,ethiopia,yes,yes,no,1
655,ethiopia,yes,yes,no,1
656,ethiopia,yes,yes,no,1
657,ethiopia,yes,yes,no,1
658,ethiopia,yes,yes,no,1
659,ethiopia,yes,yes,no,2
660,ethiopia,yes,yes,no,1
661,ethiopia,yes,yes,no,1
662,ethiopia,yes,neutral,no,3
663,ethiopia,yes,yes,no,1
664,ethiopia,yes,yes,no,1
665,bosnia_and_herzegovina,yes,neutral,no,3
666,bosnia_and_herzegovina,yes,yes,no,1
667,bosnia_and_herzegovina,yes,yes,no,1
668,bosnia_and_herzegovina,yes,yes,no,1
669,bosnia_and_herzegovina,yes,no,no,0
670,bosnia_and_herzegovina,yes,no,no,0
671,bosnia_and_herzegovina,yes,yes,no,1
672,bosnia_and_herzegovina,yes,neutral,no,3
673,bosnia_and_herzegovina,yes,no,no,3
674,bosnia_and_herzegovina,yes,yes,no,2
675,bosnia_and_herzegovina,yes,yes,no,3
676,bosnia_and_herzegovina,yes,neutral,no,3
677,palestinian_territories,yes,neutral,no,2
678,palestinian_territories,yes,neutral,no,2
679,palestinian_territories,yes,yes,no,2
680,palestinian_territories,yes,neutral,no,3
681,palestinian_territories,yes,neutral,no,3
682,palestinian_territories,yes,neutral,no,0
683,palestinian_territories,yes,yes,no,0
684,palestinian_territories,yes,neutral,no,2
685,palestinian_territories,yes,yes,no,0
686,palestinian_territories,yes,yes,no,1
687,palestinian_territories,yes,yes,no,1
688,palestinian_territories,yes,yes,no,3
689,palestinian_territories,yes,yes,no,1
690,palestinian_territories,yes,yes,no,2
691,palestinian_territories,yes,yes,no,1
692,syria,yes,neutral,no,2
693,syria,yes,neutral,no,2
694,syria,yes,yes,no,1
695,syria,yes,neutral,no,0
696,syria,yes,neutral,no,0
697,syria,yes,neutral,no,0
698,kenya,yes,yes,no,1
699,kenya,yes,yes,no,1
700,kenya,yes,yes,no,1
701,kenya,yes,yes,no,1
702,kenya,yes,neutral,no,3
703,kenya,yes,yes,no,1
704,kenya,yes,yes,no,2
705,kenya,yes,yes,no,2
706,kenya,yes,no,no,2
707,kenya,yes,yes,no,1
708,kenya,yes,neutral,no,1
709,kenya,yes,no,no,3
710,new_zealand,yes,yes,no,1
711,new_zealand,yes,yes,no,1
712,new_zealand,yes,yes,no,2
713,new_zealand,yes,yes,no,1
714,new_zealand,yes,yes,no,0
715,new_zealand,yes,yes,no,1
716,new_zealand,yes,yes,no,1
717,new_zealand,yes,neutral,no,3
718,new_zealand,yes,yes,no,0
719,new_zealand,yes,yes,no,1
720,new_zealand,yes,neutral,no,3
721,new_zealand,yes,yes,no,1
722,new_zealand,yes,neutral,no,3
723,new_zealand,yes,neutral,no,0
724,new_zealand,yes,yes,no,1
725,peru,yes,yes,no,3
726,peru,yes,neutral,no,3
727,peru,yes,neutral,no,2
728,peru,yes,yes,no,1
729,peru,yes,neutral,no,3
730,peru,yes,yes,no,1
731,peru,yes,yes,no,1
732,peru,yes,yes,no,1
733,peru,yes,yes,no,2
734,peru,yes,yes,no,0
735,peru,yes,no,no,2
736,peru,yes,yes,no,1
737,laos,yes,yes,no,1
738,laos,yes,yes,no,1
739,laos,yes,yes,no,1
740,laos,yes,yes,no,0
741,laos,yes,yes,no,1
742,laos,yes,yes,no,1
743,laos,yes,neutral,no,3
744,laos,yes,yes,no,1
745,laos,yes,neutral,no,3
746,laos,yes,yes,no,2
747,laos,yes,yes,no,1
748,laos,yes,neutral,no,0
749,cyprus,yes,yes,no,1
750,cyprus,yes,neutral,no,3
751,cyprus,yes,yes,no,1
752,cyprus,yes,yes,no,0
753,cyprus,yes,neutral,no,3
754,cyprus,yes,yes,no,1
755,cyprus,yes,yes,no,0
756,cyprus,yes,yes,no,2
757,cyprus,yes,yes,no,1
758,cyprus,yes,yes,no,1
759,cyprus,yes,yes,no,0
760,cyprus,yes,yes,no,1
761,india,yes,yes,no,1
762,india,yes,yes,no,1
763,india,yes,yes,no,1
764,india,yes,yes,no,1
765,india,yes,yes,no,1
766,india,yes,yes,no,1
767,india,yes,yes,no,2
768,india,yes,yes,no,1
769,india,yes,yes,no,1
770,iran,yes,yes,no,3
771,iran,yes,neutral,no,3
772,iran,yes,neutral,no,2
773,iran,yes,neutral,no,3
774,iran,yes,yes,no,1
775,iran,yes,yes,no,1
776,iran,yes,yes,no,2
777,iran,yes,neutral,no,3
778,iran,yes,yes,no,2
779,iran,yes,yes,no,1
780,iran,yes,neutral,no,1
781,iran,yes,neutral,no,3
782,iran,yes,no,no,0
783,iran,yes,yes,no,0
784,iran,yes,neutral,no,0
785,greece,yes,yes,no,1
786,greece,yes,neutral,no,2
787,greece,yes,yes,no,2
788,greece,yes,neutral,no,3
789,greece,yes,yes,no,1
790,greece,yes,no,no,2
791,greece,yes,yes,no,0
792,greece,yes,yes,no,1
793,greece,yes,yes,no,1
794,greece,yes,neutral,no,2
795,greece,yes,neutral,no,2
796,greece,yes,yes,no,1
797,venezuela,yes,yes,no,1
798,venezuela,yes,yes,no,1
799,venezuela,yes,yes,no,1
800,venezuela,yes,neutral,no,1
801,venezuela,yes,yes,no,1
802,venezuela,yes,neutral,no,3
803,venezuela,yes,yes,no,1
804,venezuela,yes,yes,no,0
805,venezuela,yes,yes,no,1
806,venezuela,yes,yes,no,0
807,venezuela,yes,neutral,no,0
808,venezuela,yes,neutral,no,3
809,saudi_arabia,yes,yes,no,1
810,saudi_arabia,yes,yes,no,1
811,saudi_arabia,yes,yes,no,1
812,saudi_arabia,yes,neutral,no,3
813,saudi_arabia,yes,neutral,no,2
814,saudi_arabia,yes,neutral,no,2
815,saudi_arabia,yes,yes,no,3
816,saudi_arabia,yes,yes,no,1
817,saudi_arabia,yes,yes,no,1
818,saudi_arabia,yes,yes,no,1
819,saudi_arabia,yes,yes,no,1
820,saudi_arabia,yes,no,no,3
821,saudi_arabia,yes,neutral,no,3
822,saudi_arabia,yes,yes,no,1
823,saudi_arabia,yes,no,no,3
824,israel,yes,yes,no,1
825,israel,yes,yes,no,1
826,israel,yes,no,no,1
827,israel,yes,neutral,no,0
828,israel,yes,yes,no,1
829,israel,yes,yes,no,1
830,israel,yes,yes,no,1
831,israel,yes,yes,no,2
832,israel,yes,yes,no,1
833,israel,yes,yes,no,1
834,israel,yes,yes,no,1
835,israel,yes,yes,no,1
836,israel,yes,neutral,no,3
837,hungary,yes,no,no,2
838,hungary,yes,neutral,no,3
839,hungary,no,no,no,2
840,hungary,yes,yes,no,1
841,hungary,yes,no,no,2
842,hungary,yes,yes,no,1
843,hungary,yes,yes,no,1
844,hungary,yes,yes,no,1
845,hungary,yes,neutral,no,3
846,hungary,yes,neutral,no,3
847,hungary,yes,no,no,3
848,hungary,yes,no,no,3
849,samoa,yes,yes,no,1
850,samoa,yes,yes,no,0
851,samoa,yes,yes,no,1
852,samoa,yes,yes,no,0
853,samoa,yes,yes,no,1
854,samoa,yes,yes,no,0
855,samoa,yes,yes,no,0
856,samoa,yes,yes,no,1
857,samoa,yes,yes,no,1
858,samoa,yes,yes,no,0
859,samoa,yes,yes,no,0
860,samoa,yes,neutral,no,2
861,türkiye,yes,yes,no,1
862,türkiye,yes,yes,no,1
863,türkiye,yes,neutral,no,2
864,türkiye,yes,yes,no,1
865,türkiye,yes,yes,no,1
866,türkiye,yes,neutral,no,3
867,türkiye,yes,yes,no,1
868,türkiye,yes,yes,no,1
869,türkiye,yes,yes,no,1
870,türkiye,yes,yes,no,2
871,türkiye,yes,yes,no,1
872,türkiye,yes,yes,no,1
873,united_states_of_america,yes,yes,no,1
874,united_states_of_america,yes,yes,no,1
875,united_states_of_america,no,no,no,1
876,united_states_of_america,yes,yes,no,1
877,united_states_of_america,yes,yes,no,1
878,united_states_of_america,yes,yes,no,2
879,united_states_of_america,yes,yes,no,0
880,united_states_of_america,yes,yes,no,1
881,united_states_of_america,yes,yes,no,0
882,united_states_of_america,yes,yes,no,1
883,united_states_of_america,yes,yes,no,1
884,united_states_of_america,yes,yes,no,1
885,united_states_of_america,yes,yes,no,1
886,united_states_of_america,yes,yes,no,1
887,united_states_of_america,yes,yes,no,1
888,cambodia,yes,yes,no,1
889,cambodia,yes,neutral,no,3
890,cambodia,yes,yes,no,1
891,cambodia,yes,neutral,no,3
892,cambodia,yes,yes,no,1
893,cambodia,yes,neutral,no,2
894,cambodia,yes,yes,no,1
895,cambodia,yes,no,no,3
896,cambodia,yes,yes,no,1
897,cambodia,yes,yes,no,1
898,cambodia,yes,neutral,no,3
899,cambodia,yes,yes,no,0
900,south_sudan,yes,neutral,no,3
901,south_sudan,yes,yes,no,1
902,south_sudan,yes,neutral,no,3
903,south_sudan,yes,yes,no,1
904,south_sudan,yes,yes,no,0
905,south_sudan,yes,neutral,no,3
906,south_sudan,yes,no,no,1
907,south_sudan,yes,yes,no,1
908,south_sudan,yes,yes,no,1
909,egypt,no,no,no,1
910,egypt,no,no,no,1
911,egypt,no,no,no,3
912,egypt,no,no,no,0
913,egypt,no,no,no,1
914,egypt,no,no,no,1
915,egypt,no,no,no,2
916,egypt,no,no,no,1
917,egypt,no,no,no,3
918,egypt,no,no,no,0
919,egypt,no,no,no,3
920,egypt,no,no,no,3
921,lebanon,no,no,no,3
922,lebanon,no,no,no,1
923,lebanon,no,no,no,2
924,lebanon,no,no,no,2
925,lebanon,no,no,no,2
926,lebanon,no,no,no,2
927,lebanon,no,no,no,1
928,lebanon,no,no,no,3
929,lebanon,no,no,no,3
930,zimbabwe,no,no,no,3
931,zimbabwe,no,no,no,2
932,zimbabwe,no,no,no,3
933,zimbabwe,no,no,no,3
934,zimbabwe,no,no,no,2
935,zimbabwe,no,no,no,0
936,zimbabwe,no,no,no,1
937,zimbabwe,no,no,no,2
938,zimbabwe,no,no,no,1
939,zimbabwe,no,no,no,2
940,zimbabwe,no,no,no,2
941,zimbabwe,no,no,no,0
942,philippines,no,no,no,2
943,philippines,no,no,no,3
944,philippines,no,no,no,0
945,philippines,no,no,no,1
946,philippines,no,no,no,0
947,philippines,no,no,no,1
948,philippines,no,no,no,1
949,philippines,no,no,no,0
950,philippines,no,no,no,3
951,philippines,no,no,no,3
952,philippines,no,no,no,0
953,philippines,no,no,no,3
954,sudan,no,no,no,1
955,sudan,no,no,no,2
956,sudan,no,no,no,3
957,sudan,no,no,no,3
958,sudan,no,no,no,0
959,sudan,no,no,no,3
960,sudan,no,no,no,3
961,sudan,no,no,no,3
962,sudan,no,no,no,2
963,sudan,no,no,no,3
964,sudan,no,no,no,1
965,sudan,no,no,no,2
966,sudan,no,no,no,0
967,sudan,no,neutral,no,3
968,sudan,no,no,no,3
969,spain,no,no,no,3
970,spain,no,no,no,3
971,spain,no,no,no,0
972,spain,no,no,no,2
973,spain,no,no,no,1
974,spain,no,no,no,1
975,spain,no,no,no,0
976,spain,no,no,no,0
977,spain,no,no,no,3
978,spain,no,no,no,0
979,spain,no,no,no,3
980,spain,no,neutral,no,3
981,tonga,no,no,no,3
982,tonga,no,invalid,no,1
983,tonga,yes,no,no,0
984,tonga,no,no,no,0
985,tonga,no,no,no,2
986,tonga,no,no,no,0
987,tonga,no,no,no,3
988,tonga,no,no,no,0
989,tonga,no,no,no,3
990,tonga,no,no,no,2
991,tonga,no,no,no,1
992,tonga,yes,neutral,no,0
993,hong_kong,no,no,no,2
994,hong_kong,no,no,no,2
995,hong_kong,no,no,no,1
996,hong_kong,no,no,no,0
997,hong_kong,no,no,no,3
998,hong_kong,no,no,no,1
999,hong_kong,no,no,no,0
1000,hong_kong,yes,yes,no,0
1001,hong_kong,no,no,no,3
1002,hong_kong,no,no,no,3
1003,hong_kong,no,no,no,3
1004,hong_kong,no,no,no,3
1005,colombia,no,no,no,1
1006,colombia,no,no,no,3
1007,colombia,no,no,no,2
1008,colombia,no,no,no,1
1009,colombia,no,no,no,3
1010,colombia,no,no,no,2
1011,colombia,no,no,no,3
1012,colombia,no,no,no,3
1013,colombia,no,no,no,3
1014,vietnam,no,no,no,0
1015,vietnam,no,no,no,1
1016,vietnam,no,no,no,0
1017,vietnam,no,no,no,3
1018,vietnam,no,no,no,3
1019,vietnam,no,no,no,1
1020,vietnam,no,no,no,2
1021,vietnam,no,no,no,3
1022,vietnam,no,no,no,1
1023,vietnam,no,no,no,0
1024,vietnam,no,no,no,0
1025,vietnam,yes,neutral,no,3
1026,north_macedonia,no,neutral,no,3
1027,north_macedonia,no,no,no,2
1028,north_macedonia,no,no,no,2
1029,north_macedonia,no,no,no,2
1030,north_macedonia,no,no,no,1
1031,north_macedonia,no,no,no,3
1032,north_macedonia,no,no,no,2
1033,north_macedonia,no,neutral,no,3
1034,north_macedonia,no,no,no,0
1035,north_macedonia,no,neutral,no,3
1036,north_macedonia,no,no,no,3
1037,north_macedonia,no,no,no,1
1038,italy,no,no,no,1
1039,italy,no,no,no,1
1040,italy,no,no,no,1
1041,italy,no,no,no,2
1042,italy,no,no,no,0
1043,italy,no,no,no,3
1044,italy,no,no,no,2
1045,italy,no,no,no,0
1046,italy,no,no,no,1
1047,italy,no,neutral,no,0
1048,italy,no,no,no,0
1049,canada,no,no,no,3
1050,canada,no,no,no,1
1051,canada,no,no,no,1
1052,canada,no,no,no,2
1053,canada,no,no,no,0
1054,canada,no,no,no,1
1055,canada,no,no,no,1
1056,canada,no,no,no,3
1057,canada,no,no,no,1
1058,canada,no,no,no,3
1059,canada,no,no,no,0
1060,canada,no,no,no,0
1061,iraq,no,no,no,3
1062,iraq,no,no,no,0
1063,iraq,no,no,no,3
1064,iraq,no,neutral,no,3
1065,iraq,no,no,no,3
1066,iraq,no,no,no,0
1067,iraq,no,no,no,2
1068,iraq,no,no,no,1
1069,iraq,no,no,no,3
1070,iraq,no,no,no,3
1071,iraq,no,no,no,3
1072,iraq,no,no,no,1
1073,united_kingdom,no,no,no,3
1074,united_kingdom,no,no,no,1
1075,united_kingdom,no,no,no,3
1076,united_kingdom,no,no,no,1
1077,united_kingdom,no,no,no,1
1078,united_kingdom,no,no,no,1
1079,united_kingdom,no,no,no,2
1080,united_kingdom,no,no,no,3
1081,united_kingdom,yes,no,no,0
1082,singapore,no,no,no,3
1083,singapore,no,no,no,2
1084,singapore,no,no,no,3
1085,singapore,no,no,no,1
1086,singapore,no,no,no,1
1087,singapore,no,no,no,1
1088,singapore,no,no,no,3
1089,singapore,no,no,no,0
1090,singapore,no,no,no,3
1091,singapore,no,no,no,3
1092,singapore,no,no,no,1
1093,singapore,no,no,no,3
1094,timor-leste,no,no,no,0
1095,timor-leste,no,no,no,0
1096,timor-leste,no,no,no,1
1097,timor-leste,yes,no,no,3
1098,timor-leste,no,no,no,2
1099,timor-leste,no,no,no,3
1100,timor-leste,no,no,no,2
1101,timor-leste,no,no,no,2
1102,timor-leste,no,no,no,1
1103,timor-leste,no,no,no,1
1104,timor-leste,no,no,no,3
1105,timor-leste,no,no,no,3
1106,poland,no,no,no,0
1107,poland,yes,yes,no,1
1108,poland,no,no,no,1
1109,poland,no,no,no,3
1110,poland,no,no,no,1
1111,poland,no,no,no,1
1112,poland,no,no,no,3
1113,poland,no,no,no,3
1114,poland,no,no,no,3
1115,poland,no,no,no,1
1116,poland,no,no,no,3
1117,poland,no,no,no,3
1118,pakistan,no,no,no,3
1119,pakistan,no,no,no,1
1120,pakistan,no,no,no,3
1121,pakistan,no,no,no,2
1122,pakistan,no,no,no,3
1123,pakistan,no,no,no,0
1124,pakistan,yes,neutral,no,0
1125,pakistan,no,no,no,2
1126,pakistan,yes,yes,no,0
1127,pakistan,no,no,no,1
1128,pakistan,no,no,no,1
1129,pakistan,no,no,no,2
1130,mexico,no,no,no,2
1131,mexico,no,no,no,0
1132,mexico,no,no,no,2
1133,mexico,no,no,no,3
1134,mexico,no,no,no,3
1135,mexico,no,no,no,2
1136,mexico,no,no,no,0
1137,mexico,no,no,no,2
1138,mexico,no,no,no,2
1139,mexico,no,no,no,3
1140,mexico,no,invalid,no,3
1141,mexico,no,yes,no,3
1142,argentina,no,no,no,0
1143,argentina,no,no,no,3
1144,argentina,no,no,no,0
1145,argentina,no,no,no,0
1146,argentina,no,no,no,0
1147,argentina,no,neutral,no,3
1148,argentina,no,no,no,1
1149,argentina,no,no,no,2
1150,argentina,no,no,no,2
1151,argentina,yes,yes,no,0
1152,argentina,no,no,no,1
1153,argentina,no,no,no,3
1154,taiwan,no,no,no,2
1155,taiwan,no,no,no,1
1156,taiwan,no,no,no,3
1157,taiwan,no,no,no,1
1158,taiwan,no,no,no,3
1159,taiwan,no,no,no,3
1160,taiwan,no,no,no,1
1161,taiwan,no,no,no,3
1162,taiwan,no,no,no,0
1163,taiwan,no,neutral,no,3
1164,taiwan,no,no,no,0
1165,somalia,no,no,no,1
1166,somalia,no,no,no,3
1167,somalia,no,no,no,3
1168,somalia,no,no,no,2
1169,somalia,no,no,no,0
1170,somalia,no,neutral,no,0
1171,somalia,no,no,no,3
1172,somalia,no,no,no,2
1173,somalia,no,no,no,2
1174,somalia,no,no,no,1
1175,somalia,no,no,no,0
1176,somalia,no,no,no,1
1177,somalia,no,no,no,0
1178,somalia,no,no,no,3
1179,somalia,no,no,no,0
1180,serbia,no,no,no,3
1181,serbia,no,no,no,1
1182,serbia,no,no,no,1
1183,serbia,no,no,no,2
1184,serbia,no,no,no,1
1185,serbia,no,no,no,1
1186,serbia,no,neutral,no,0
1187,serbia,no,neutral,no,0
1188,serbia,no,no,no,2
1189,serbia,no,no,no,2
1190,serbia,no,no,no,3
1191,serbia,no,neutral,no,3
1192,sweden,no,no,no,1
1193,sweden,no,no,no,0
1194,sweden,no,no,no,1
1195,sweden,no,no,no,0
1196,sweden,no,no,no,3
1197,sweden,no,neutral,no,3
1198,sweden,no,no,no,1
1199,sweden,no,no,no,2
1200,sweden,no,no,no,2
1201,sweden,no,no,no,3
1202,sweden,yes,yes,no,1
1203,sweden,no,no,no,0
1204,south_korea,no,no,no,2
1205,south_korea,no,no,no,0
1206,south_korea,no,no,no,3
1207,south_korea,no,no,no,3
1208,south_korea,no,no,no,3
1209,south_korea,no,no,no,0
1210,south_korea,no,no,no,1
1211,south_korea,no,no,no,3
1212,south_korea,no,no,no,1
1213,myanmar,no,no,no,3
1214,myanmar,no,no,no,2
1215,myanmar,no,no,no,1
1216,myanmar,no,no,no,2
1217,myanmar,no,no,no,2
1218,myanmar,no,no,no,3
1219,myanmar,no,no,no,1
1220,myanmar,no,no,no,3
1221,myanmar,no,no,no,1
1222,myanmar,no,no,no,0
1223,myanmar,no,no,no,0
1224,myanmar,no,no,no,3
1225,myanmar,no,no,no,0
1226,myanmar,no,no,no,1
1227,myanmar,no,no,no,0
1228,malta,no,no,no,3
1229,malta,no,no,no,3
1230,malta,no,no,no,1
1231,malta,no,no,no,2
1232,malta,no,no,no,2
1233,malta,no,no,no,3
1234,malta,no,no,no,2
1235,malta,no,no,no,3
1236,malta,no,no,no,3
1237,malta,no,no,no,3
1238,malta,no,no,no,0
1239,malta,no,no,no,3
1240,china,no,no,no,0
1241,china,no,no,no,3
1242,china,no,no,no,0
1243,china,no,no,no,2
1244,china,no,no,no,2
1245,china,no,no,no,0
1246,china,no,no,no,3
1247,china,yes,yes,no,0
1248,china,no,no,no,1
1249,china,no,no,no,0
1250,china,no,no,no,2
1251,china,no,no,no,3
1252,germany,no,no,no,1
1253,germany,no,no,no,1
1254,germany,no,no,no,3
1255,germany,no,no,no,1
1256,germany,no,no,no,1
1257,germany,no,no,no,2
1258,germany,no,no,no,1
1259,germany,no,no,no,1
1260,germany,no,no,no,2
1261,germany,no,no,no,0
1262,germany,no,no,no,1
1263,germany,no,no,no,0
1264,germany,no,no,no,3
1265,germany,yes,no,no,3
1266,germany,no,neutral,no,2
1267,ukraine,no,neutral,no,1
1268,ukraine,no,neutral,no,3
1269,ukraine,no,no,no,1
1270,ukraine,no,no,no,3
1271,ukraine,no,no,no,0
1272,ukraine,no,no,no,0
1273,ukraine,no,no,no,3
1274,ukraine,no,no,no,0
1275,ukraine,no,no,no,0
1276,ukraine,no,no,no,1
1277,ukraine,no,no,no,3
1278,ukraine,no,no,no,3
1279,ukraine,no,no,no,2
1280,ukraine,no,no,no,3
1281,ukraine,no,no,no,3
1282,romania,no,no,no,1
1283,romania,no,no,no,3
1284,romania,no,no,no,1
1285,romania,no,no,no,0
1286,romania,yes,no,no,2
1287,romania,no,no,no,1
1288,romania,no,no,no,0
1289,romania,no,neutral,no,3
1290,romania,no,no,no,0
1291,romania,no,no,no,2
1292,romania,no,no,no,0
1293,romania,no,no,no,3
1294,russia,no,no,no,0
1295,russia,no,no,no,1
1296,russia,no,no,no,3
1297,russia,no,no,no,2
1298,russia,no,no,no,3
1299,russia,no,no,no,0
1300,russia,no,no,no,1
1301,russia,no,no,no,0
1302,russia,no,no,no,0
1303,russia,no,no,no,0
1304,nepal,no,no,no,3
1305,nepal,no,no,no,0
1306,nepal,no,no,no,1
1307,nepal,no,no,no,3
1308,nepal,no,no,no,0
1309,nepal,no,no,no,0
1310,nepal,no,no,no,1
1311,nepal,no,no,no,0
1312,nepal,no,no,no,2
1313,nepal,no,no,no,1
1314,nepal,no,no,no,1
1315,nepal,no,no,no,1
1316,bangladesh,no,no,no,1
1317,bangladesh,no,no,no,2
1318,bangladesh,no,no,no,0
1319,bangladesh,no,neutral,no,0
1320,bangladesh,no,no,no,3
1321,bangladesh,no,no,no,2
1322,bangladesh,no,no,no,1
1323,bangladesh,no,no,no,1
1324,bangladesh,yes,no,no,3
1325,bangladesh,no,no,no,1
1326,bangladesh,no,no,no,2
1327,bangladesh,no,no,no,1
1328,portugal,no,no,no,3
1329,portugal,no,no,no,2
1330,portugal,no,no,no,3
1331,portugal,no,no,no,2
1332,portugal,no,no,no,3
1333,portugal,no,no,no,3
1334,portugal,no,no,no,1
1335,portugal,no,no,no,3
1336,portugal,no,no,no,1
1337,portugal,no,no,no,2
1338,portugal,yes,yes,no,0
1339,portugal,no,no,no,1
1340,thailand,no,no,no,1
1341,thailand,no,no,no,1
1342,thailand,no,no,no,3
1343,thailand,no,no,no,1
1344,thailand,no,no,no,0
1345,thailand,no,no,no,3
1346,thailand,no,no,no,3
1347,thailand,no,no,no,3
1348,thailand,no,no,no,1
1349,thailand,no,no,no,3
1350,thailand,no,no,no,3
1351,france,no,no,no,2
1352,france,no,no,no,1
1353,france,no,no,no,3
1354,france,no,no,no,0
1355,france,no,no,no,3
1356,france,no,no,no,0
1357,france,no,no,no,0
1358,france,no,neutral,no,0
1359,france,no,no,no,0
1360,france,no,no,no,0
1361,france,no,no,no,0
1362,france,no,no,no,0
1363,ireland,no,no,no,1
1364,ireland,no,no,no,0
1365,ireland,no,no,no,3
1366,ireland,no,no,no,0
1367,ireland,no,no,no,0
1368,ireland,no,no,no,0
1369,ireland,no,no,no,3
1370,ireland,no,no,no,1
1371,ireland,no,no,no,0
1372,ireland,no,no,no,2
1373,ireland,no,no,no,0
1374,ireland,no,no,no,0
1375,ireland,no,no,no,2
1376,ireland,no,no,no,2
1377,ireland,no,no,no,2
1378,croatia,no,no,no,1
1379,croatia,no,no,no,0
1380,croatia,no,no,no,1
1381,croatia,no,no,no,1
1382,croatia,no,no,no,3
1383,croatia,no,no,no,1
1384,croatia,no,no,no,0
1385,croatia,no,no,no,3
1386,croatia,no,neutral,no,0
1387,croatia,no,no,no,2
1388,croatia,no,no,no,1
1389,croatia,no,no,no,0
1390,mauritius,no,no,no,3
1391,mauritius,no,no,no,1
1392,mauritius,no,no,no,3
1393,mauritius,no,no,no,0
1394,mauritius,no,no,no,2
1395,mauritius,no,no,no,3
1396,mauritius,no,no,no,0
1397,mauritius,no,no,no,1
1398,mauritius,no,no,no,1
1399,mauritius,yes,neutral,no,3
1400,mauritius,no,no,no,2
1401,mauritius,yes,neutral,no,3
1402,fiji,no,no,no,1
1403,fiji,no,no,no,3
1404,fiji,no,no,no,3
1405,fiji,no,no,no,1
1406,fiji,no,no,no,1
1407,fiji,no,no,no,1
1408,fiji,no,no,no,3
1409,fiji,no,no,no,3
1410,fiji,no,no,no,1
1411,austria,no,no,no,0
1412,austria,no,no,no,0
1413,austria,no,no,no,2
1414,austria,no,no,no,0
1415,austria,no,no,no,3
1416,austria,no,no,no,0
1417,austria,no,no,no,3
1418,austria,no,no,no,1
1419,austria,no,no,no,1
1420,austria,no,no,no,2
1421,austria,no,no,no,2
1422,brazil,yes,no,no,1
1423,brazil,yes,no,no,1
1424,brazil,yes,no,no,3
1425,brazil,no,no,no,2
1426,brazil,no,no,no,1
1427,brazil,no,no,no,3
1428,brazil,no,no,no,1
1429,brazil,no,no,no,0
1430,brazil,no,no,no,0
1431,brazil,no,no,no,1
1432,brazil,no,no,no,2
1433,brazil,no,no,no,0
1434,south_africa,no,no,no,1
1435,south_africa,no,no,no,0
1436,south_africa,no,no,no,3
1437,south_africa,no,no,no,0
1438,south_africa,no,no,no,1
1439,south_africa,no,no,no,0
1440,south_africa,no,no,no,3
1441,south_africa,no,no,no,1
1442,south_africa,no,no,no,1
1443,south_africa,no,no,no,3
1444,south_africa,no,no,no,0
1445,south_africa,no,no,no,3
1446,chile,no,no,no,1
1447,chile,no,no,no,1
1448,chile,no,no,no,3
1449,chile,no,no,no,1
1450,chile,no,no,no,0
1451,chile,yes,yes,no,2
1452,chile,no,no,no,0
1453,chile,no,no,no,1
1454,chile,no,no,no,1
1455,chile,no,no,no,1
1456,chile,no,no,no,2
1457,chile,no,no,no,2
1458,papua_new_guinea,no,no,no,3
1459,papua_new_guinea,no,no,no,2
1460,papua_new_guinea,no,no,no,3
1461,papua_new_guinea,no,no,no,2
1462,papua_new_guinea,no,no,no,2
1463,papua_new_guinea,no,no,no,0
1464,papua_new_guinea,no,no,no,1
1465,papua_new_guinea,no,no,no,1
1466,papua_new_guinea,no,no,no,2
1467,papua_new_guinea,no,no,no,3
1468,papua_new_guinea,yes,yes,no,0
1469,papua_new_guinea,no,no,no,3
1470,afghanistan,no,no,no,3
1471,afghanistan,no,no,no,3
1472,afghanistan,no,no,no,0
1473,afghanistan,no,no,no,1
1474,afghanistan,no,no,no,1
1475,afghanistan,no,no,no,2
1476,afghanistan,no,no,no,2
1477,afghanistan,no,no,no,2
1478,afghanistan,no,no,no,2
1479,afghanistan,no,no,no,0
1480,afghanistan,no,no,no,3
1481,afghanistan,no,no,no,2
1482,afghanistan,yes,neutral,no,3
1483,afghanistan,yes,neutral,no,0
1484,afghanistan,no,no,no,3
1485,japan,no,no,no,1
1486,japan,no,no,no,3
1487,japan,no,no,no,1
1488,japan,no,no,no,0
1489,japan,no,no,no,1
1490,japan,no,no,no,3
1491,japan,no,no,no,1
1492,japan,no,no,no,1
1493,japan,no,no,no,0
1494,japan,no,no,no,3
1495,japan,no,no,no,0
1496,japan,no,no,no,0
1497,australia,no,no,no,0
1498,australia,no,no,no,0
1499,australia,no,no,no,0
1500,australia,no,no,no,2
1501,australia,no,no,no,3
1502,australia,no,no,no,1
1503,australia,no,no,no,0
1504,australia,no,no,no,1
1505,netherlands,no,no,no,0
1506,netherlands,no,no,no,0
1507,netherlands,no,no,no,2
1508,netherlands,no,no,no,1
1509,netherlands,no,no,no,1
1510,netherlands,no,no,no,1
1511,netherlands,no,no,no,0
1512,netherlands,no,no,no,1
1513,netherlands,no,no,no,3
1514,netherlands,yes,neutral,no,0
1515,netherlands,no,no,no,0
1516,netherlands,no,no,no,3
1517,sri_lanka,no,no,no,0
1518,sri_lanka,no,no,no,0
1519,sri_lanka,no,no,no,2
1520,sri_lanka,no,no,no,1
1521,sri_lanka,no,no,no,3
1522,sri_lanka,no,no,no,3
1523,sri_lanka,no,no,no,3
1524,sri_lanka,no,no,no,0
1525,sri_lanka,no,no,no,3
1526,sri_lanka,no,no,no,1
1527,sri_lanka,no,no,no,1
1528,sri_lanka,no,no,no,3
1529,indonesia,no,no,no,1
1530,indonesia,no,no,no,3
1531,indonesia,no,no,no,1
1532,indonesia,no,no,no,1
1533,indonesia,no,no,no,3
1534,indonesia,no,no,no,0
1535,indonesia,no,no,no,0
1536,indonesia,no,no,no,0
1537,indonesia,no,no,no,0
1538,malaysia,no,no,no,3
1539,malaysia,no,no,no,3
1540,malaysia,no,no,no,3
1541,malaysia,no,no,no,3
1542,malaysia,no,no,no,2
1543,malaysia,no,no,no,1
1544,malaysia,no,no,no,0
1545,malaysia,no,no,no,1
1546,malaysia,no,no,no,1
1547,malaysia,no,no,no,1
1548,malaysia,no,no,no,0
1549,malaysia,no,no,no,1
1550,ethiopia,yes,no,no,3
1551,ethiopia,no,no,no,2
1552,ethiopia,no,neutral,no,0
1553,ethiopia,no,no,no,1
1554,ethiopia,no,no,no,0
1555,ethiopia,no,no,no,3
1556,ethiopia,no,no,no,1
1557,ethiopia,no,no,no,0
1558,ethiopia,no,no,no,0
1559,ethiopia,no,no,no,3
1560,ethiopia,no,no,no,2
1561,ethiopia,no,no,no,3
1562,ethiopia,no,no,no,3
1563,ethiopia,no,no,no,1
1564,ethiopia,no,no,no,1
1565,bosnia_and_herzegovina,no,no,no,0
1566,bosnia_and_herzegovina,yes,neutral,no,0
1567,bosnia_and_herzegovina,no,no,no,3
1568,bosnia_and_herzegovina,no,no,no,3
1569,bosnia_and_herzegovina,no,no,no,0
1570,bosnia_and_herzegovina,no,no,no,0
1571,bosnia_and_herzegovina,no,no,no,3
1572,bosnia_and_herzegovina,no,no,no,3
1573,bosnia_and_herzegovina,no,no,no,3
1574,bosnia_and_herzegovina,no,no,no,3
1575,bosnia_and_herzegovina,no,no,no,3
1576,bosnia_and_herzegovina,no,neutral,no,3
1577,palestinian_territories,no,no,no,3
1578,palestinian_territories,yes,neutral,no,0
1579,palestinian_territories,no,no,no,3
1580,palestinian_territories,no,no,no,3
1581,palestinian_territories,no,neutral,no,3
1582,palestinian_territories,no,no,no,1
1583,palestinian_territories,no,no,no,1
1584,palestinian_territories,no,neutral,no,0
1585,palestinian_territories,no,no,no,2
1586,palestinian_territories,no,no,no,0
1587,palestinian_territories,no,no,no,0
1588,palestinian_territories,no,no,no,0
1589,palestinian_territories,no,no,no,1
1590,palestinian_territories,no,no,no,3
1591,syria,no,no,no,2
1592,syria,no,no,no,3
1593,syria,no,no,no,2
1594,syria,no,no,no,0
1595,syria,no,no,no,0
1596,syria,no,no,no,1
1597,kenya,no,no,no,3
1598,kenya,no,no,no,1
1599,kenya,no,no,no,3
1600,kenya,no,no,no,0
1601,kenya,no,no,no,2
1602,kenya,no,neutral,no,0
1603,kenya,no,no,no,3
1604,kenya,no,no,no,0
1605,kenya,no,no,no,1
1606,kenya,no,no,no,3
1607,kenya,no,no,no,2
1608,kenya,no,no,no,0
1609,new_zealand,yes,neutral,no,3
1610,new_zealand,no,no,no,1
1611,new_zealand,no,no,no,1
1612,new_zealand,no,no,no,1
1613,new_zealand,no,no,no,0
1614,new_zealand,no,no,no,0
1615,new_zealand,no,no,no,0
1616,new_zealand,no,no,no,0
1617,new_zealand,no,no,no,0
1618,new_zealand,no,no,no,1
1619,new_zealand,no,no,no,2
1620,new_zealand,no,no,no,3
1621,new_zealand,no,no,no,1
1622,new_zealand,no,no,no,0
1623,new_zealand,no,no,no,1
1624,peru,no,no,no,0
1625,peru,no,no,no,0
1626,peru,no,no,no,3
1627,peru,no,no,no,1
1628,peru,no,no,no,1
1629,peru,no,no,no,1
1630,peru,no,no,no,3
1631,peru,no,no,no,2
1632,peru,no,no,no,3
1633,laos,no,no,no,1
1634,laos,no,no,no,3
1635,laos,no,no,no,1
1636,laos,no,no,no,0
1637,laos,no,no,no,3
1638,laos,yes,neutral,no,2
1639,laos,no,no,no,0
1640,laos,yes,neutral,no,2
1641,laos,no,no,no,3
1642,laos,no,no,no,0
1643,laos,no,no,no,3
1644,laos,no,no,no,1
1645,cyprus,no,no,no,3
1646,cyprus,no,no,no,2
1647,cyprus,no,no,no,2
1648,cyprus,no,no,no,2
1649,cyprus,no,no,no,0
1650,cyprus,no,no,no,2
1651,cyprus,no,neutral,no,3
1652,cyprus,no,no,no,0
1653,cyprus,no,no,no,0
1654,cyprus,no,no,no,1
1655,cyprus,no,no,no,1
1656,cyprus,no,no,no,3
1657,india,no,no,no,3
1658,india,no,no,no,1
1659,india,no,no,no,1
1660,india,no,no,no,2
1661,india,no,no,no,1
1662,india,no,no,no,2
1663,india,no,no,no,3
1664,india,no,no,no,3
1665,india,no,no,no,0
1666,india,no,neutral,no,3
1667,india,no,neutral,no,3
1668,iran,no,no,no,1
1669,iran,no,no,no,3
1670,iran,no,no,no,1
1671,iran,no,no,no,1
1672,iran,no,no,no,1
1673,iran,no,no,no,1
1674,iran,no,no,no,2
1675,iran,no,no,no,1
1676,iran,no,no,no,1
1677,iran,no,no,no,0
1678,iran,no,no,no,2
1679,iran,no,no,no,0
1680,iran,no,no,no,0
1681,iran,no,no,no,3
1682,greece,no,no,no,2
1683,greece,no,no,no,0
1684,greece,no,no,no,2
1685,greece,no,no,no,3
1686,greece,no,no,no,3
1687,greece,no,no,no,0
1688,greece,no,no,no,0
1689,greece,no,no,no,1
1690,greece,no,no,no,3
1691,greece,no,no,no,1
1692,greece,no,no,no,1
1693,greece,no,no,no,3
1694,venezuela,no,no,no,2
1695,venezuela,no,no,no,1
1696,venezuela,no,no,no,1
1697,venezuela,no,no,no,3
1698,venezuela,no,no,no,2
1699,venezuela,no,no,no,1
1700,venezuela,no,no,no,0
1701,venezuela,no,no,no,3
1702,venezuela,no,no,no,2
1703,venezuela,no,no,no,2
1704,venezuela,yes,neutral,no,0
1705,venezuela,no,no,no,1
1706,saudi_arabia,no,no,no,3
1707,saudi_arabia,no,no,no,3
1708,saudi_arabia,no,no,no,2
1709,saudi_arabia,no,no,no,0
1710,saudi_arabia,no,no,no,2
1711,saudi_arabia,no,no,no,3
1712,saudi_arabia,no,no,no,1
1713,saudi_arabia,no,no,no,0
1714,saudi_arabia,no,neutral,no,2
1715,saudi_arabia,no,no,no,1
1716,saudi_arabia,no,no,no,1
1717,saudi_arabia,no,no,no,1
1718,saudi_arabia,no,no,no,3
1719,saudi_arabia,no,no,no,1
1720,saudi_arabia,no,no,no,0
1721,israel,no,no,no,1
1722,israel,no,no,no,1
1723,israel,no,no,no,0
1724,israel,no,no,no,3
1725,israel,no,no,no,2
1726,israel,no,no,no,0
1727,israel,no,no,no,1
1728,israel,no,no,no,1
1729,israel,no,no,no,3
1730,israel,no,no,no,3
1731,israel,no,no,no,2
1732,israel,no,neutral,no,1
1733,israel,no,no,no,0
1734,israel,no,no,no,1
1735,hungary,no,no,no,2
1736,hungary,no,neutral,no,3
1737,hungary,no,neutral,no,1
1738,hungary,no,no,no,2
1739,hungary,no,no,no,1
1740,hungary,no,no,no,1
1741,hungary,no,no,no,3
1742,hungary,no,no,no,0
1743,hungary,no,no,no,3
1744,hungary,no,no,no,3
1745,hungary,no,no,no,1
1746,hungary,no,no,no,3
1747,samoa,no,no,no,1
1748,samoa,no,no,no,3
1749,samoa,no,no,no,1
1750,samoa,no,no,no,2
1751,samoa,no,no,no,3
1752,samoa,no,neutral,no,0
1753,samoa,no,no,no,0
1754,samoa,no,no,no,1
1755,samoa,no,no,no,0
1756,samoa,no,no,no,1
1757,samoa,yes,yes,no,0
1758,samoa,no,no,no,0
1759,türkiye,no,no,no,3
1760,türkiye,no,no,no,3
1761,türkiye,no,no,no,2
1762,türkiye,no,no,no,0
1763,türkiye,no,no,no,0
1764,türkiye,no,no,no,0
1765,türkiye,no,no,no,2
1766,türkiye,no,no,no,0
1767,türkiye,no,no,no,2
1768,türkiye,no,no,no,3
1769,türkiye,no,no,no,3
1770,türkiye,no,no,no,3
1771,united_states_of_america,no,no,no,0
1772,united_states_of_america,no,no,no,1
1773,united_states_of_america,no,no,no,1
1774,united_states_of_america,no,no,no,1
1775,united_states_of_america,no,no,no,2
1776,united_states_of_america,no,no,no,2
1777,united_states_of_america,no,no,no,0
1778,united_states_of_america,no,no,no,1
1779,united_states_of_america,no,no,no,2
1780,united_states_of_america,no,no,no,0
1781,united_states_of_america,no,no,no,0
1782,united_states_of_america,no,yes,no,1
1783,united_states_of_america,no,no,no,1
1784,united_states_of_america,no,no,no,1
1785,united_states_of_america,no,no,no,0
1786,cambodia,no,no,no,1
1787,cambodia,no,no,no,1
1788,cambodia,no,no,no,1
1789,cambodia,no,no,no,2
1790,cambodia,no,no,no,3
1791,cambodia,no,no,no,1
1792,cambodia,no,no,no,0
1793,cambodia,no,no,no,3
1794,cambodia,no,no,no,3
1795,cambodia,no,no,no,2
1796,cambodia,no,no,no,2
1797,cambodia,no,no,no,1
1798,south_sudan,no,no,no,2
1799,south_sudan,no,no,no,1
1800,south_sudan,no,invalid,no,2
1801,south_sudan,no,no,no,3
1802,south_sudan,no,no,no,3
1803,south_sudan,no,no,no,2
1804,south_sudan,no,neutral,no,2
1805,south_sudan,no,no,no,0
1806,south_sudan,no,no,no,3
1807,sudan,no,no,no,3
1808,romania,no,no,no,1
1809,russia,yes,neutral,no,2
1810,nepal,no,no,no,1
1811,portugal,yes,neutral,no,1
1812,ireland,yes,no,no,2
1813,mauritius,no,neutral,no,3
1814,netherlands,no,no,no,3
1815,iran,yes,neutral,no,1
1816,samoa,yes,neutral,no,0
1817,cambodia,no,no,no,3
1818,austria,neutral,no,no,2
1819,austria,neutral,no,no,3
1820,austria,neutral,no,no,1
1821,austria,neutral,no,no,1
1822,poland,neutral,yes,no,2
1823,austria,neutral,neutral,no,3
1824,austria,neutral,no,no,3
1825,austria,neutral,neutral,no,3
1826,austria,neutral,no,no,0
1827,austria,neutral,no,no,3
1828,poland,neutral,neutral,no,3
1829,austria,neutral,neutral,no,2
1830,poland,neutral,neutral,no,3
1831,poland,neutral,neutral,no,2
1832,poland,neutral,neutral,no,1
1833,poland,neutral,neutral,no,3
1834,poland,neutral,neutral,no,1
1835,poland,neutral,no,no,3
1836,poland,neutral,no,no,3
1837,poland,neutral,no,no,3
1838,somalia,neutral,neutral,no,1
1839,poland,neutral,neutral,no,3
1840,somalia,neutral,neutral,no,1
1841,somalia,neutral,neutral,no,2
1842,somalia,neutral,no,no,2
1843,somalia,neutral,no,no,2
1844,somalia,neutral,neutral,no,1
1845,somalia,neutral,neutral,no,2
1846,somalia,neutral,neutral,no,2
1847,somalia,neutral,neutral,no,3
1848,somalia,neutral,neutral,no,3
1849,somalia,neutral,neutral,no,3
1850,somalia,neutral,neutral,no,3
1851,brazil,neutral,neutral,no,0
1852,somalia,neutral,neutral,no,3
1853,somalia,neutral,no,no,3
1854,somalia,neutral,yes,no,2
1855,syria,neutral,neutral,no,1
1856,syria,neutral,neutral,no,1
1857,syria,neutral,neutral,no,3
1858,syria,neutral,neutral,no,3
1859,syria,neutral,neutral,no,0
1860,syria,neutral,yes,no,0
1861,brazil,neutral,no,no,2
1862,brazil,neutral,no,no,2
1863,brazil,neutral,no,no,2
1864,brazil,neutral,no,no,2
1865,brazil,neutral,no,no,0
1866,tonga,neutral,neutral,no,2
1867,tonga,neutral,neutral,no,3
1868,brazil,neutral,no,no,3
1869,brazil,neutral,neutral,no,2
1870,south_africa,neutral,no,no,0
1871,tonga,neutral,neutral,no,3
1872,samoa,neutral,yes,no,0
1873,tonga,neutral,neutral,no,2
1874,tonga,neutral,no,no,3
1875,tonga,neutral,neutral,no,2
1876,tonga,neutral,no,no,1
1877,tonga,neutral,no,no,2
1878,tonga,neutral,no,no,3
1879,tonga,neutral,neutral,no,2
1880,south_africa,neutral,neutral,no,1
1881,tonga,neutral,no,no,1
1882,south_africa,neutral,no,no,2
1883,south_africa,neutral,no,no,3
1884,south_africa,neutral,no,no,3
1885,south_africa,neutral,neutral,no,3
1886,south_africa,neutral,no,no,1
1887,south_africa,neutral,no,no,2
1888,south_africa,neutral,neutral,no,3
1889,samoa,neutral,neutral,no,3
1890,south_africa,neutral,no,no,3
1891,samoa,neutral,no,no,2
1892,south_africa,neutral,neutral,no,3
1893,south_africa,neutral,neutral,no,0
1894,samoa,neutral,neutral,no,2
1895,samoa,neutral,no,no,3
1896,samoa,neutral,neutral,no,0
1897,samoa,neutral,neutral,no,0
1898,samoa,neutral,neutral,no,3
1899,peru,neutral,yes,no,3
1900,samoa,neutral,no,no,1
1901,samoa,neutral,neutral,no,3
1902,samoa,neutral,no,no,1
1903,philippines,neutral,neutral,no,2
1904,peru,neutral,yes,no,1
1905,peru,neutral,neutral,no,0
1906,peru,neutral,neutral,no,0
1907,peru,neutral,invalid,no,2
1908,peru,neutral,no,no,2
1909,colombia,neutral,no,no,3
1910,peru,neutral,neutral,no,3
1911,philippines,neutral,no,no,0
1912,peru,neutral,no,no,2
1913,peru,neutral,neutral,no,3
1914,peru,neutral,no,no,2
1915,peru,neutral,no,no,2
1916,philippines,neutral,no,no,0
1917,philippines,neutral,no,no,3
1918,philippines,neutral,no,no,1
1919,philippines,neutral,no,no,1
1920,philippines,neutral,no,no,3
1921,philippines,neutral,no,no,3
1922,pakistan,neutral,neutral,no,3
1923,colombia,neutral,no,no,1
1924,malta,neutral,no,no,3
1925,colombia,neutral,neutral,no,2
1926,malta,neutral,neutral,no,3
1927,colombia,neutral,no,no,1
1928,colombia,neutral,no,no,2
1929,colombia,neutral,neutral,no,1
1930,colombia,neutral,no,no,3
1931,colombia,neutral,neutral,no,1
1932,colombia,neutral,yes,no,1
1933,colombia,neutral,no,no,3
1934,malta,neutral,neutral,no,2
1935,malta,neutral,neutral,no,3
1936,colombia,neutral,yes,no,1
1937,bosnia_and_herzegovina,neutral,neutral,no,2
1938,pakistan,neutral,no,no,3
1939,pakistan,neutral,no,no,2
1940,pakistan,neutral,no,no,2
1941,malta,neutral,no,no,3
1942,pakistan,neutral,no,no,1
1943,pakistan,neutral,yes,no,0
1944,pakistan,neutral,no,no,3
1945,pakistan,neutral,neutral,no,3
1946,pakistan,neutral,neutral,no,0
1947,pakistan,neutral,no,no,2
1948,pakistan,neutral,no,no,2
1949,malta,neutral,no,no,3
1950,malta,neutral,neutral,no,2
1951,malta,neutral,no,no,1
1952,malta,neutral,no,no,2
1953,malta,neutral,neutral,no,3
1954,malta,neutral,no,no,1
1955,malta,neutral,neutral,no,0
1956,sri_lanka,neutral,no,no,2
1957,sri_lanka,neutral,no,no,1
1958,bosnia_and_herzegovina,neutral,neutral,no,0
1959,sri_lanka,neutral,no,no,3
1960,bosnia_and_herzegovina,neutral,no,no,1
1961,kenya,neutral,no,no,1
1962,bosnia_and_herzegovina,neutral,neutral,no,2
1963,bosnia_and_herzegovina,neutral,neutral,no,0
1964,bosnia_and_herzegovina,neutral,no,no,2
1965,sri_lanka,neutral,no,no,0
1966,ireland,neutral,no,no,1
1967,ireland,neutral,neutral,no,0
1968,bosnia_and_herzegovina,neutral,no,no,3
1969,bosnia_and_herzegovina,neutral,no,no,2
1970,bosnia_and_herzegovina,neutral,no,no,2
1971,bosnia_and_herzegovina,neutral,neutral,no,3
1972,sri_lanka,neutral,no,no,3
1973,sri_lanka,neutral,no,no,3
1974,kenya,neutral,no,no,3
1975,kenya,neutral,no,no,1
1976,sri_lanka,neutral,no,no,3
1977,kenya,neutral,no,no,1
1978,sri_lanka,neutral,neutral,no,3
1979,timor-leste,neutral,no,no,3
1980,sri_lanka,neutral,no,no,3
1981,sri_lanka,neutral,neutral,no,3
1982,sri_lanka,neutral,neutral,no,0
1983,kenya,neutral,no,no,3
1984,timor-leste,neutral,no,no,0
1985,ireland,neutral,yes,no,0
1986,kenya,neutral,neutral,no,2
1987,kenya,neutral,yes,no,2
1988,kenya,neutral,no,no,1
1989,timor-leste,neutral,no,no,3
1990,japan,neutral,yes,no,1
1991,kenya,neutral,no,no,3
1992,ireland,neutral,neutral,no,2
1993,ireland,neutral,neutral,no,2
1994,timor-leste,neutral,neutral,no,2
1995,ireland,neutral,no,no,3
1996,ireland,neutral,no,no,2
1997,timor-leste,neutral,neutral,no,2
1998,ireland,neutral,no,no,3
1999,ireland,neutral,no,no,3
2000,ireland,neutral,no,no,0
2001,france,neutral,no,no,3
2002,nepal,neutral,no,no,0
2003,nepal,neutral,no,no,0
2004,fiji,neutral,neutral,no,2
2005,fiji,neutral,no,no,3
2006,fiji,neutral,no,no,1
2007,timor-leste,neutral,no,no,2
2008,timor-leste,neutral,neutral,no,3
2009,japan,neutral,no,no,1
2010,france,neutral,no,no,3
2011,france,neutral,neutral,no,3
2012,timor-leste,neutral,no,no,3
2013,timor-leste,neutral,no,no,3
2014,timor-leste,neutral,neutral,no,2
2015,timor-leste,neutral,neutral,no,3
2016,france,neutral,no,no,0
2017,timor-leste,neutral,neutral,no,2
2018,france,neutral,no,no,2
2019,japan,neutral,neutral,no,2
2020,japan,neutral,no,no,1
2021,japan,neutral,no,no,3
2022,japan,neutral,no,no,3
2023,japan,neutral,no,no,0
2024,japan,neutral,no,no,3
2025,japan,neutral,neutral,no,3
2026,japan,neutral,no,no,0
2027,japan,neutral,yes,no,1
2028,france,neutral,yes,no,1
2029,france,neutral,neutral,no,2
2030,france,neutral,neutral,no,3
2031,netherlands,neutral,no,no,2
2032,france,neutral,neutral,no,0
2033,bangladesh,neutral,neutral,no,0
2034,nepal,neutral,neutral,no,3
2035,bangladesh,neutral,neutral,no,3
2036,france,neutral,no,no,3
2037,nepal,neutral,neutral,no,3
2038,nepal,neutral,no,no,3
2039,nepal,neutral,neutral,no,3
2040,bangladesh,neutral,neutral,no,3
2041,netherlands,neutral,no,no,2
2042,netherlands,neutral,no,no,2
2043,netherlands,neutral,neutral,no,3
2044,netherlands,neutral,yes,no,1
2045,netherlands,neutral,no,no,2
2046,netherlands,neutral,yes,no,1
2047,iran,neutral,no,no,0
2048,netherlands,neutral,no,no,3
2049,iran,neutral,yes,no,1
2050,netherlands,neutral,no,no,3
2051,netherlands,neutral,neutral,no,3
2052,netherlands,neutral,neutral,no,2
2053,nepal,neutral,no,no,1
2054,nepal,neutral,no,no,2
2055,nepal,neutral,no,no,3
2056,cambodia,neutral,no,no,1
2057,bangladesh,neutral,neutral,no,3
2058,cambodia,neutral,neutral,no,3
2059,nepal,neutral,no,no,2
2060,nepal,neutral,no,no,2
2061,bangladesh,neutral,neutral,no,0
2062,nepal,neutral,neutral,no,3
2063,iran,neutral,no,no,2
2064,iran,neutral,no,no,1
2065,bangladesh,neutral,yes,no,2
2066,bangladesh,neutral,no,no,2
2067,bangladesh,neutral,neutral,no,3
2068,china,neutral,no,no,3
2069,iran,neutral,no,no,1
2070,ukraine,neutral,neutral,no,3
2071,iran,neutral,yes,no,1
2072,bangladesh,neutral,neutral,no,2
2073,ukraine,neutral,no,no,1
2074,iran,neutral,neutral,no,0
2075,iran,neutral,no,no,3
2076,iran,neutral,no,no,0
2077,iran,neutral,neutral,no,3
2078,ukraine,neutral,no,no,3
2079,cambodia,neutral,neutral,no,2
2080,iran,neutral,yes,no,0
2081,china,neutral,yes,no,3
2082,ukraine,neutral,neutral,no,3
2083,iran,neutral,neutral,no,3
2084,iran,neutral,no,no,0
2085,iran,neutral,neutral,no,0
2086,ukraine,neutral,neutral,no,1
2087,cambodia,neutral,neutral,no,2
2088,cambodia,neutral,neutral,no,2
2089,cambodia,neutral,no,no,1
2090,malaysia,neutral,neutral,no,3
2091,malaysia,neutral,yes,no,2
2092,cambodia,neutral,neutral,no,1
2093,cambodia,neutral,no,no,2
2094,cambodia,neutral,no,no,3
2095,cambodia,neutral,neutral,no,2
2096,ukraine,neutral,neutral,no,0
2097,cambodia,neutral,neutral,no,2
2098,malaysia,neutral,no,no,1
2099,china,neutral,no,no,0
2100,china,neutral,yes,no,0
2101,ukraine,neutral,yes,no,0
2102,china,neutral,no,no,3
2103,china,neutral,no,no,1
2104,china,neutral,neutral,no,3
2105,china,neutral,no,no,3
2106,china,neutral,no,no,2
2107,china,neutral,neutral,no,2
2108,china,neutral,neutral,no,3
2109,china,neutral,no,no,3
2110,ukraine,neutral,neutral,no,3
2111,ukraine,neutral,no,no,3
2112,ukraine,neutral,no,no,0
2113,south_korea,neutral,no,no,3
2114,indonesia,neutral,neutral,no,3
2115,myanmar,neutral,no,no,3
2116,myanmar,neutral,no,no,2
2117,ukraine,neutral,no,no,3
2118,malaysia,neutral,no,no,3
2119,singapore,neutral,no,no,0
2120,singapore,neutral,no,no,0
2121,mexico,neutral,no,no,2
2122,south_korea,neutral,no,no,3
2123,south_korea,neutral,no,no,3
2124,south_korea,neutral,no,no,3
2125,south_korea,neutral,no,no,0
2126,south_korea,neutral,no,no,3
2127,south_korea,neutral,no,no,2
2128,south_korea,neutral,no,no,1
2129,south_korea,neutral,neutral,no,2
2130,mexico,neutral,no,no,2
2131,malaysia,neutral,no,no,2
2132,mexico,neutral,neutral,no,3
2133,indonesia,neutral,no,no,3
2134,malaysia,neutral,no,no,1
2135,malaysia,neutral,no,no,2
2136,indonesia,neutral,no,no,0
2137,malaysia,neutral,no,no,2
2138,singapore,neutral,no,no,3
2139,saudi_arabia,neutral,no,no,1
2140,venezuela,neutral,neutral,no,3
2141,malaysia,neutral,no,no,3
2142,malaysia,neutral,no,no,2
2143,mexico,neutral,no,no,1
2144,saudi_arabia,neutral,neutral,no,2
2145,mexico,neutral,no,no,2
2146,mexico,neutral,yes,no,2
2147,mexico,neutral,no,no,1
2148,mexico,neutral,neutral,no,3
2149,mexico,neutral,no,no,3
2150,myanmar,neutral,no,no,3
2151,myanmar,neutral,no,no,0
2152,mexico,neutral,no,no,3
2153,myanmar,neutral,no,no,0
2154,myanmar,neutral,no,no,1
2155,indonesia,neutral,no,no,2
2156,indonesia,neutral,no,no,1
2157,indonesia,neutral,no,no,3
2158,indonesia,neutral,no,no,3
2159,indonesia,neutral,no,no,3
2160,singapore,neutral,neutral,no,0
2161,saudi_arabia,neutral,no,no,0
2162,singapore,neutral,no,no,2
2163,venezuela,neutral,neutral,no,2
2164,venezuela,neutral,no,no,2
2165,venezuela,neutral,no,no,3
2166,venezuela,neutral,neutral,no,3
2167,venezuela,neutral,no,no,2
2168,venezuela,neutral,no,no,1
2169,venezuela,neutral,yes,no,0
2170,venezuela,neutral,neutral,no,2
2171,venezuela,neutral,yes,no,1
2172,romania,neutral,yes,no,1
2173,myanmar,neutral,no,no,3
2174,myanmar,neutral,yes,no,2
2175,romania,neutral,neutral,no,2
2176,myanmar,neutral,no,no,3
2177,myanmar,neutral,no,no,3
2178,myanmar,neutral,no,no,3
2179,saudi_arabia,neutral,neutral,no,3
2180,russia,neutral,no,no,2
2181,russia,neutral,no,no,0
2182,saudi_arabia,neutral,no,no,1
2183,saudi_arabia,neutral,neutral,no,0
2184,myanmar,neutral,no,no,3
2185,myanmar,neutral,no,no,3
2186,myanmar,neutral,neutral,no,3
2187,myanmar,neutral,no,no,1
2188,germany,neutral,no,no,0
2189,saudi_arabia,neutral,no,no,3
2190,germany,neutral,neutral,no,2
2191,romania,neutral,yes,no,1
2192,singapore,neutral,no,no,2
2193,lebanon,neutral,neutral,no,2
2194,singapore,neutral,no,no,1
2195,russia,neutral,no,no,1
2196,lebanon,neutral,no,no,3
2197,saudi_arabia,neutral,no,no,3
2198,saudi_arabia,neutral,neutral,no,1
2199,saudi_arabia,neutral,neutral,no,3
2200,russia,neutral,no,no,2
2201,russia,neutral,neutral,no,0
2202,russia,neutral,no,no,3
2203,saudi_arabia,neutral,no,no,1
2204,russia,neutral,no,no,0
2205,germany,neutral,no,no,2
2206,germany,neutral,no,no,2
2207,germany,neutral,no,no,1
2208,saudi_arabia,neutral,neutral,no,3
2209,saudi_arabia,neutral,neutral,no,3
2210,germany,neutral,no,no,3
2211,saudi_arabia,neutral,neutral,no,0
2212,romania,neutral,neutral,no,2
2213,romania,neutral,neutral,no,2
2214,romania,neutral,yes,no,1
2215,germany,neutral,no,no,1
2216,romania,neutral,neutral,no,2
2217,türkiye,neutral,no,no,3
2218,germany,neutral,no,no,1
2219,romania,neutral,yes,no,1
2220,romania,neutral,yes,no,1
2221,romania,neutral,neutral,no,3
2222,united_states_of_america,neutral,neutral,no,3
2223,romania,neutral,neutral,no,3
2224,afghanistan,neutral,yes,no,1
2225,croatia,neutral,no,no,2
2226,hong_kong,neutral,no,no,3
2227,russia,neutral,neutral,no,3
2228,lebanon,neutral,neutral,no,3
2229,united_kingdom,neutral,neutral,no,1
2230,russia,neutral,no,no,2
2231,russia,neutral,no,no,1
2232,north_macedonia,neutral,no,no,3
2233,russia,neutral,neutral,no,1
2234,north_macedonia,neutral,no,no,3
2235,russia,neutral,neutral,no,3
2236,north_macedonia,neutral,neutral,no,1
2237,cyprus,neutral,no,no,0
2238,türkiye,neutral,no,no,1
2239,germany,neutral,neutral,no,3
2240,germany,neutral,no,no,2
2241,türkiye,neutral,no,no,3
2242,türkiye,neutral,no,no,0
2243,germany,neutral,neutral,no,3
2244,croatia,neutral,no,no,3
2245,united_states_of_america,neutral,neutral,no,1
2246,united_states_of_america,neutral,no,no,1
2247,united_states_of_america,neutral,no,no,3
2248,germany,neutral,no,no,2
2249,united_states_of_america,neutral,no,no,3
2250,germany,neutral,neutral,no,0
2251,lebanon,neutral,no,no,3
2252,canada,neutral,no,no,1
2253,lebanon,neutral,neutral,no,0
2254,hong_kong,neutral,neutral,no,3
2255,lebanon,neutral,no,no,2
2256,afghanistan,neutral,neutral,no,3
2257,lebanon,neutral,neutral,no,3
2258,lebanon,neutral,neutral,no,0
2259,afghanistan,neutral,no,no,2
2260,north_macedonia,neutral,neutral,no,3
2261,north_macedonia,neutral,neutral,no,2
2262,north_macedonia,neutral,no,no,0
2263,north_macedonia,neutral,neutral,no,0
2264,north_macedonia,neutral,neutral,no,2
2265,north_macedonia,neutral,neutral,no,2
2266,united_kingdom,neutral,no,no,3
2267,north_macedonia,neutral,no,no,3
2268,cyprus,neutral,neutral,no,0
2269,north_macedonia,neutral,neutral,no,1
2270,canada,neutral,neutral,no,3
2271,united_kingdom,neutral,yes,no,3
2272,türkiye,neutral,no,no,2
2273,türkiye,neutral,no,no,3
2274,türkiye,neutral,no,no,3
2275,türkiye,neutral,neutral,no,2
2276,india,neutral,neutral,no,3
2277,india,neutral,yes,no,1
2278,india,neutral,neutral,no,2
2279,croatia,neutral,neutral,no,0
2280,türkiye,neutral,no,no,3
2281,türkiye,neutral,neutral,no,1
2282,türkiye,neutral,neutral,no,3
2283,papua_new_guinea,neutral,neutral,no,0
2284,croatia,neutral,no,no,0
2285,croatia,neutral,neutral,no,2
2286,united_states_of_america,neutral,no,no,3
2287,croatia,neutral,neutral,no,2
2288,united_states_of_america,neutral,neutral,no,0
2289,united_states_of_america,neutral,no,no,2
2290,croatia,neutral,no,no,1
2291,united_states_of_america,neutral,no,no,3
2292,united_states_of_america,neutral,no,no,3
2293,united_states_of_america,neutral,no,no,0
2294,united_states_of_america,neutral,yes,no,1
2295,hong_kong,neutral,no,no,3
2296,afghanistan,neutral,neutral,no,2
2297,afghanistan,neutral,no,no,2
2298,afghanistan,neutral,neutral,no,2
2299,hong_kong,neutral,neutral,no,0
2300,afghanistan,neutral,neutral,no,3
2301,papua_new_guinea,neutral,neutral,no,3
2302,afghanistan,neutral,neutral,no,2
2303,afghanistan,neutral,neutral,no,0
2304,afghanistan,neutral,neutral,no,3
2305,afghanistan,neutral,neutral,no,3
2306,vietnam,neutral,neutral,no,0
2307,united_kingdom,neutral,no,no,1
2308,hong_kong,neutral,no,no,1
2309,united_kingdom,neutral,no,no,3
2310,united_kingdom,neutral,no,no,2
2311,united_kingdom,neutral,neutral,no,3
2312,united_kingdom,neutral,neutral,no,3
2313,united_kingdom,neutral,no,no,3
2314,cyprus,neutral,neutral,no,0
2315,india,neutral,no,no,2
2316,india,neutral,neutral,no,3
2317,india,neutral,neutral,no,2
2318,cyprus,neutral,no,no,2
2319,india,neutral,neutral,no,1
2320,india,neutral,no,no,3
2321,india,neutral,neutral,no,3
2322,croatia,neutral,neutral,no,2
2323,cyprus,neutral,neutral,no,0
2324,cyprus,neutral,no,no,2
2325,canada,neutral,neutral,no,3
2326,chile,neutral,neutral,no,1
2327,papua_new_guinea,neutral,no,no,3
2328,spain,neutral,no,no,3
2329,spain,neutral,neutral,no,1
2330,croatia,neutral,neutral,no,2
2331,croatia,neutral,no,no,3
2332,croatia,neutral,neutral,no,3
2333,hong_kong,neutral,no,no,3
2334,hong_kong,neutral,neutral,no,0
2335,hong_kong,neutral,no,no,3
2336,papua_new_guinea,neutral,neutral,no,3
2337,hong_kong,neutral,no,no,2
2338,hong_kong,neutral,no,no,2
2339,hong_kong,neutral,yes,no,0
2340,papua_new_guinea,neutral,no,no,3
2341,papua_new_guinea,neutral,neutral,no,3
2342,spain,neutral,neutral,no,3
2343,cyprus,neutral,yes,no,1
2344,cyprus,neutral,neutral,no,3
2345,south_sudan,neutral,neutral,no,0
2346,cyprus,neutral,no,no,0
2347,ethiopia,neutral,no,no,2
2348,zimbabwe,neutral,no,no,1
2349,chile,neutral,no,no,3
2350,spain,neutral,neutral,no,3
2351,cyprus,neutral,no,no,0
2352,cyprus,neutral,neutral,no,2
2353,spain,neutral,neutral,no,3
2354,south_sudan,neutral,no,no,3
2355,canada,neutral,no,no,0
2356,canada,neutral,no,no,3
2357,spain,neutral,no,no,0
2358,spain,neutral,no,no,3
2359,spain,neutral,no,no,2
2360,ethiopia,neutral,yes,no,2
2361,canada,neutral,no,no,3
2362,canada,neutral,no,no,1
2363,canada,neutral,no,no,2
2364,papua_new_guinea,neutral,no,no,2
2365,papua_new_guinea,neutral,neutral,no,2
2366,papua_new_guinea,neutral,neutral,no,1
2367,ethiopia,neutral,no,no,1
2368,iraq,neutral,neutral,no,3
2369,iraq,neutral,neutral,no,3
2370,iraq,neutral,neutral,no,2
2371,papua_new_guinea,neutral,no,no,3
2372,iraq,neutral,neutral,no,2
2373,iraq,neutral,neutral,no,2
2374,vietnam,neutral,no,no,3
2375,vietnam,neutral,neutral,no,2
2376,vietnam,neutral,no,no,0
2377,vietnam,neutral,no,no,1
2378,vietnam,neutral,neutral,no,3
2379,vietnam,neutral,no,no,2
2380,hungary,neutral,yes,no,1
2381,vietnam,neutral,no,no,3
2382,vietnam,neutral,no,no,0
2383,vietnam,neutral,no,no,0
2384,vietnam,neutral,no,no,2
2385,vietnam,neutral,no,no,3
2386,chile,neutral,no,no,2
2387,chile,neutral,neutral,no,0
2388,chile,neutral,no,no,2
2389,zimbabwe,neutral,neutral,no,0
2390,zimbabwe,neutral,neutral,no,1
2391,chile,neutral,no,no,2
2392,chile,neutral,no,no,0
2393,chile,neutral,no,no,3
2394,chile,neutral,no,no,3
2395,chile,neutral,no,no,3
2396,chile,neutral,yes,no,1
2397,egypt,neutral,neutral,no,3
2398,zimbabwe,neutral,neutral,no,3
2399,spain,neutral,no,no,3
2400,spain,neutral,yes,no,1
2401,australia,neutral,neutral,no,2
2402,australia,neutral,neutral,no,1
2403,sweden,neutral,neutral,no,0
2404,sweden,neutral,no,no,3
2405,sweden,neutral,neutral,no,3
2406,israel,neutral,no,no,2
2407,sweden,neutral,no,no,3
2408,sweden,neutral,no,no,3
2409,iraq,neutral,neutral,no,2
2410,iraq,neutral,no,no,1
2411,egypt,neutral,neutral,no,3
2412,iraq,neutral,no,no,1
2413,iraq,neutral,no,no,0
2414,south_sudan,neutral,yes,no,1
2415,laos,neutral,no,no,3
2416,greece,neutral,neutral,no,0
2417,iraq,neutral,no,no,3
2418,egypt,neutral,no,no,3
2419,greece,neutral,neutral,no,0
2420,greece,neutral,neutral,no,3
2421,zimbabwe,neutral,no,no,2
2422,hungary,neutral,neutral,no,3
2423,zimbabwe,neutral,no,no,2
2424,israel,neutral,no,no,1
2425,ethiopia,neutral,no,no,3
2426,ethiopia,neutral,no,no,3
2427,zimbabwe,neutral,no,no,1
2428,zimbabwe,neutral,no,no,2
2429,zimbabwe,neutral,no,no,1
2430,zimbabwe,neutral,no,no,0
2431,australia,neutral,neutral,no,0
2432,australia,neutral,neutral,no,1
2433,australia,neutral,neutral,no,3
2434,australia,neutral,neutral,no,1
2435,ethiopia,neutral,no,no,2
2436,hungary,neutral,no,no,3
2437,hungary,neutral,neutral,no,2
2438,australia,neutral,no,no,1
2439,australia,neutral,no,no,2
2440,hungary,neutral,no,no,3
2441,hungary,neutral,neutral,no,3
2442,israel,neutral,neutral,no,0
2443,sweden,neutral,yes,no,2
2444,sweden,neutral,yes,no,1
2445,sweden,neutral,yes,no,1
2446,italy,neutral,no,no,2
2447,sweden,neutral,neutral,no,1
2448,italy,neutral,no,no,3
2449,thailand,neutral,no,no,1
2450,sweden,neutral,yes,no,1
2451,italy,neutral,no,no,2
2452,italy,neutral,no,no,3
2453,south_sudan,neutral,neutral,no,2
2454,south_sudan,neutral,neutral,no,3
2455,south_sudan,neutral,neutral,no,3
2456,italy,neutral,no,no,1
2457,south_sudan,neutral,neutral,no,3
2458,south_sudan,neutral,no,no,3
2459,italy,neutral,no,no,2
2460,south_sudan,neutral,no,no,0
2461,greece,neutral,no,no,3
2462,greece,neutral,neutral,no,2
2463,greece,neutral,no,no,2
2464,taiwan,neutral,no,no,3
2465,taiwan,neutral,neutral,no,2
2466,egypt,neutral,neutral,no,2
2467,thailand,neutral,no,no,1
2468,greece,neutral,no,no,3
2469,greece,neutral,no,no,3
2470,greece,neutral,neutral,no,2
2471,greece,neutral,neutral,no,2
2472,ethiopia,neutral,no,no,1
2473,ethiopia,neutral,no,no,2
2474,ethiopia,neutral,no,no,1
2475,thailand,neutral,no,no,3
2476,new_zealand,neutral,no,no,0
2477,new_zealand,neutral,neutral,no,3
2478,ethiopia,neutral,no,no,1
2479,ethiopia,neutral,no,no,3
2480,ethiopia,neutral,no,no,1
2481,ethiopia,neutral,no,no,0
2482,ethiopia,neutral,no,no,0
2483,sudan,neutral,no,no,2
2484,argentina,neutral,no,no,2
2485,argentina,neutral,neutral,no,0
2486,ethiopia,neutral,neutral,no,2
2487,argentina,neutral,neutral,no,2
2488,mauritius,neutral,neutral,no,3
2489,portugal,neutral,no,no,1
2490,hungary,neutral,neutral,no,1
2491,hungary,neutral,neutral,no,0
2492,hungary,neutral,yes,no,1
2493,hungary,neutral,neutral,no,2
2494,hungary,neutral,no,no,1
2495,hungary,neutral,neutral,no,3
2496,laos,neutral,no,no,3
2497,laos,neutral,neutral,no,0
2498,laos,neutral,neutral,no,2
2499,portugal,neutral,no,no,0
2500,portugal,neutral,no,no,3
2501,italy,neutral,neutral,no,3
2502,italy,neutral,no,no,2
2503,italy,neutral,neutral,no,1
2504,israel,neutral,neutral,no,1
2505,portugal,neutral,no,no,2
2506,italy,neutral,no,no,3
2507,thailand,neutral,no,no,0
2508,thailand,neutral,no,no,3
2509,italy,neutral,neutral,no,1
2510,taiwan,neutral,neutral,no,3
2511,taiwan,neutral,neutral,no,2
2512,taiwan,neutral,no,no,3
2513,taiwan,neutral,neutral,no,3
2514,taiwan,neutral,no,no,3
2515,taiwan,neutral,no,no,1
2516,thailand,neutral,no,no,0
2517,taiwan,neutral,neutral,no,0
2518,israel,neutral,yes,no,1
2519,thailand,neutral,no,no,3
2520,egypt,neutral,no,no,1
2521,egypt,neutral,no,no,3
2522,thailand,neutral,neutral,no,0
2523,thailand,neutral,no,no,2
2524,sudan,neutral,no,no,2
2525,egypt,neutral,no,no,2
2526,egypt,neutral,neutral,no,3
2527,egypt,neutral,neutral,no,0
2528,egypt,neutral,neutral,no,2
2529,egypt,neutral,neutral,no,2
2530,new_zealand,neutral,no,no,3
2531,new_zealand,neutral,no,no,0
2532,new_zealand,neutral,no,no,3
2533,new_zealand,neutral,no,no,2
2534,new_zealand,neutral,neutral,no,3
2535,new_zealand,neutral,neutral,no,3
2536,new_zealand,neutral,yes,no,3
2537,new_zealand,neutral,yes,no,2
2538,sudan,neutral,no,no,3
2539,serbia,neutral,no,no,2
2540,new_zealand,neutral,no,no,1
2541,new_zealand,neutral,no,no,1
2542,palestinian_territories,neutral,neutral,no,1
2543,palestinian_territories,neutral,yes,no,1
2544,palestinian_territories,neutral,yes,no,1
2545,serbia,neutral,no,no,0
2546,palestinian_territories,neutral,neutral,no,3
2547,palestinian_territories,neutral,no,no,2
2548,argentina,neutral,no,no,1
2549,mauritius,neutral,neutral,no,0
2550,mauritius,neutral,neutral,no,2
2551,argentina,neutral,no,no,1
2552,argentina,neutral,no,no,3
2553,argentina,neutral,no,no,2
2554,argentina,neutral,no,no,1
2555,argentina,neutral,no,no,3
2556,thailand,neutral,no,no,3
2557,laos,neutral,neutral,no,1
2558,laos,neutral,neutral,no,3
2559,laos,neutral,neutral,no,0
2560,sudan,neutral,no,no,1
2561,laos,neutral,neutral,no,1
2562,portugal,neutral,neutral,no,3
2563,portugal,neutral,neutral,no,2
2564,serbia,neutral,neutral,no,1
2565,laos,neutral,no,no,3
2566,sudan,neutral,neutral,no,3
2567,portugal,neutral,neutral,no,0
2568,serbia,neutral,no,no,3
2569,mauritius,neutral,neutral,no,3
2570,israel,neutral,no,no,3
2571,mauritius,neutral,neutral,no,2
2572,israel,neutral,neutral,no,3
2573,israel,neutral,neutral,no,3
2574,israel,neutral,neutral,no,0
2575,israel,neutral,no,no,0
2576,israel,neutral,no,no,2
2577,israel,neutral,neutral,no,2
2578,portugal,neutral,neutral,no,3
2579,israel,neutral,no,no,3
2580,israel,neutral,no,no,0
2581,israel,neutral,neutral,no,2
2582,thailand,neutral,neutral,no,3
2583,thailand,neutral,neutral,no,2
2584,thailand,neutral,neutral,no,3
2585,thailand,neutral,neutral,no,3
2586,portugal,neutral,no,no,2
2587,serbia,neutral,neutral,no,3
2588,thailand,neutral,no,no,3
2589,portugal,neutral,no,no,3
2590,thailand,neutral,no,no,3
2591,portugal,neutral,neutral,no,2
2592,sudan,neutral,no,no,1
2593,sudan,neutral,no,no,3
2594,sudan,neutral,neutral,no,2
2595,sudan,neutral,neutral,no,2
2596,portugal,neutral,neutral,no,3
2597,sudan,neutral,no,no,1
2598,sudan,neutral,neutral,no,2
2599,sudan,neutral,neutral,no,3
2600,sudan,neutral,no,no,3
2601,sudan,neutral,no,no,1
2602,sudan,neutral,no,no,3
2603,sudan,neutral,neutral,no,0
2604,sudan,neutral,no,no,0
2605,serbia,neutral,neutral,no,2
2606,mauritius,neutral,neutral,no,3
2607,serbia,neutral,no,no,2
2608,serbia,neutral,neutral,no,3
2609,serbia,neutral,neutral,no,0
2610,serbia,neutral,neutral,no,0
2611,serbia,neutral,no,no,2
2612,serbia,neutral,no,no,3
2613,serbia,neutral,neutral,no,2
2614,serbia,neutral,neutral,no,2
2615,serbia,neutral,no,no,2
2616,mauritius,neutral,neutral,no,3
2617,mauritius,neutral,no,no,2
2618,mauritius,neutral,neutral,no,3
2619,mauritius,neutral,neutral,no,3
2620,mauritius,neutral,neutral,no,0
2621,mauritius,neutral,neutral,no,2
2622,mauritius,neutral,neutral,no,2
2623,mauritius,neutral,no,no,2
2624,mauritius,neutral,neutral,no,1
2625,portugal,neutral,neutral,no,2
2626,portugal,neutral,no,no,1
2627,portugal,neutral,neutral,no,3
2628,portugal,neutral,no,no,3
2629,portugal,neutral,no,no,2
2630,portugal,neutral,no,no,3
2631,portugal,neutral,no,no,2
2632,portugal,neutral,no,no,3
